tweet_id,name,username,author_id,key_term,text,possibly_sensitive,created_at,retweet_count,reply_count,like_count,quote_count,bookmark_count,impression_count,conversation_id,sentiment,tone,language,lat,long
1697596402212237438,๐ช๐ฌ ๐๐ช๐ท๐,HanyAug,125273218,#DigitalDubai,RT @ibahzad: #ุฎูู_ูุงุนู : ุงูููู ููุณ ูุงูุฃูุณุ ููุฏ ุฃุตุจุญ ูุชุนูู ุนูููุง ุงูุญุฐุฑ ุฃูุซุฑ ูุงูุชุฃูุฏ ูู ุตุญุฉ ุงูููุงุทุน ุงููุฑุฆูุฉ ูุงููุณููุนุฉ ูุงูุฑุณุงุฆู ุงูุตูุชูู ุงูุบุฑูุจโฆ,False,2023-09-01T13:04:56.000Z,24,0,0,0,0,0,1697596402212237438,positive,cautious,arabic,24.30336722,54.64852333
1697593881880137805,ุงูุญูููุฉ ุงูุฑูููุฉ ูุฏููุฉ ุงูุงูุงุฑุงุช,uaedgov,245243568,#DigitalDubai,RT @DigitalDubai: ุงูููู ููุณ ูุงูุฃูุณุ ููุฏ ุงุตุจุญ ุนูููุง ุงูุญุฐุฑ ุฃูุซุฑ ูุงูุชุฃูุฏ ูู ุตุญุฉ ุงูููุงุทุน ุงููุฑุฆูุฉ ูุงููุณููุนุฉ ูุงูุฑุณุงุฆู ุงูุตูุชูุฉ ุงูุบุฑูุจุฉ ูุงููุดุจููุฉ.โฆ,False,2023-09-01T12:54:55.000Z,32,0,0,0,0,0,1697593881880137805,caution,informative,arabic,24.46697833,54.35588833
1697536092709478855,CLORINDA,CLORINcftDA,1695687288242769920,#DigitalDubai,RT @jayjitbiswas: @IrinaHeaver @DigitalDubai @dxbontheblock Irina you actually greatest ambassador of Dubai,False,2023-09-01T09:05:17.000Z,23,0,0,0,0,0,1697536092709478855,positive,appreciative,English,24.37662722,54.51147778
1697535722826133716,ู,_bluealya,2743951200,#DigitalDubai,RT @DigitalDubai: ุงูููู ููุณ ูุงูุฃูุณุ ููุฏ ุงุตุจุญ ุนูููุง ุงูุญุฐุฑ ุฃูุซุฑ ูุงูุชุฃูุฏ ูู ุตุญุฉ ุงูููุงุทุน ุงููุฑุฆูุฉ ูุงููุณููุนุฉ ูุงูุฑุณุงุฆู ุงูุตูุชูุฉ ุงูุบุฑูุจุฉ ูุงููุดุจููุฉ.โฆ,False,2023-09-01T09:03:49.000Z,32,0,0,0,0,0,1697535722826133716,caution,informative,arabic,24.36505,54.51696167
1697529035155177828,#ุชุจุงุฏู_ุฑูุชููุชุ #ุชุงุจุนูู_ุงุชุงุจุนู,ASB_5500,2290047925,#DigitalDubai,"@HHShkMohd @DubaiDET @TECofDubai @DTMCentre @visitdubai @AhmedMohammed @MaktoumMohammed @MohamedBinZayed @DubaiExcellence @DMunicipality @DigitalDubai @DubaiCulture 

For your kind support",False,2023-09-01T08:37:15.000Z,0,0,0,0,0,14,1697521927210840575,positive,neutral,English,24.45855167,54.36386389
1697524245914321158,ุจูุธุจู,UAEasd1233,1689606195466682368,#DigitalDubai,"RT @DigitalDubai: ูุน ุชุทุจูู #ุฏุจู_ุงูุขูุ ููููู ุฅุฏุงุฑุฉ ูููุงุฑูุฉ ูุงูุชุญูู ุจุงุณุชููุงูู ููููุฑุจุงุก ูุงูููุงู ุจูู ุณูููุฉ๐งโก ุญูู ุงูุชุทุจูู ุงูุขู ๐ฑ
#ุฏุจู_ุงูุฑูููุฉ

Wโฆ",False,2023-09-01T08:18:13.000Z,2,0,0,0,0,0,1697524245914321158,positive,informative,Arabic,24.47159694,54.34627806
1697524220496851453,ุจูุธุจู,UAEasd1233,1689606195466682368,#DigitalDubai,RT @DigitalDubai: ูุน ููุตุฉ #ุฏุจู_ุจุงูุณุ ููููู ุงููุตูู ุฅูู ูุนูููุงุช ุดุงููุฉ ุญูู ุงููุฏููุฉ ูุชูููุฏ ุงูุชุตูุฑุงุช ูุงูุฃููุงุฑ ุงูุชู ุชุณุงุนุฏ ุนูู ุชูุฏูู ุฎุฏูุงุช ููููุฉ ๐ปโฆ,False,2023-09-01T08:18:07.000Z,2,0,0,0,0,0,1697524220496851453,positive,informative,Arabic,24.19212583,54.81334528
1697524200095748495,ุจูุธุจู,UAEasd1233,1689606195466682368,#DigitalDubai,"RT @DigitalDubai: ุญุงู ุงูููุช ูุชูููุน ""ุงูุนูุฏ ุงููุฏุฑุณู"" ูุฃุจูุงุฆู! ูู ุจุฐูู ุนุจุฑ ุชุทุจูู #ุฏุจู_ุงูุขู ููููุฑ ุงูููุช ุนูู ููุณู ูุนูู ูุง ุชุญุจ ๐๐ฑ

@KHDA  
#ุฏุจู_ุงโฆ",False,2023-09-01T08:18:02.000Z,2,0,0,0,0,0,1697524200095748495,positive,informative,arabic,24.3656375,54.51516944
1697524180810449173,ุจูุธุจู,UAEasd1233,1689606195466682368,#DigitalDubai,"RT @DigitalDubai: Time to sign your โParent Contractโ! Do it now on the #DubaiNow app and save time for the things you love most ๐๐ฑ

@KHDAโฆ",False,2023-09-01T08:17:57.000Z,1,0,0,0,0,0,1697524180810449173,positive,informative,English,24.37008972,54.50961556
1697523722893074671,ุจูุธุจู,UAEasd1233,1689606195466682368,#DigitalDubai,"RT @DigitalDubai: ูู ุนุงู ูุงููุฑุฃุฉ ุงูุฅูุงุฑุงุชูุฉ ููููุฉ ููุง ุจููุชูุง ูุฅุจุฏุงุนูุง ุงูุฐู ูุณุทุฑ ูุณุชูุจูุงู ูุดุฑูุงู.
ุดูุฑุงู ุนูู ุงูุฅูุฌุงุฒุงุช ุงูุฑุงุฆุนุฉ ุงูุชู ุญููุชูููุงโฆ",False,2023-09-01T08:16:08.000Z,3,0,0,0,0,0,1697523722893074671,positive,inspiring,Arabic,24.28414889,54.66555972
1697523556941242441,ุจูุธุจู,UAEasd1233,1689606195466682368,#DigitalDubai,RT @DigitalDubai: ุจููุงุณุจุฉ #ููู_ุงููุฑุฃุฉ_ุงูุฅูุงุฑุงุชูุฉุ ูุธููุง ูุนุงููุฉ ูู #ุฏุจู_ุงูุฑูููุฉ ููุงุญุชูุงู ุจุงููุฑุฃุฉ ุงูุฅูุงุฑุงุชูุฉ ุงูุชู ุชุซุฑู ุญูุงุชูุง ุจููุงูุจูุง ูุฅุตุฑุงุฑโฆ,False,2023-09-01T08:15:29.000Z,1,0,0,0,0,0,1697523556941242441,positive,celebratory,Arabic,24.37029667,54.52025667
1697523413135327293,ุจูุธุจู,UAEasd1233,1689606195466682368,#DigitalDubai,"RT @DigitalDubai: #ุฑูููุงุช: ุจูุบ ุนุฏุฏ ูุนุงููุงุช ุชุทุจูู #ุฏุจู_ุงูุขู ููุฐ ุฅุทูุงูู ุญุชู ุงูุขู ุฃูุซุฑ ูู 23 ููููู ูุนุงููุฉ ๐ฑ
#ุฏุจู_ุงูุฑูููุฉ

Number of transactioโฆ",False,2023-09-01T08:14:54.000Z,2,0,0,0,0,0,1697523413135327293,positive,informative,arabic,24.36537361,54.51106111
1697523367375417562,ุจูุธุจู,UAEasd1233,1689606195466682368,#DigitalDubai,"RT @DigitalDubai: The ""04"" platform connects you directly to the dedicated government entity in #Dubai. Share your feedback through WhatsApโฆ",False,2023-09-01T08:14:43.000Z,1,0,0,0,0,0,1697523367375417562,positive,informative,English,24.36272222,54.50786833
1697523296680489376,ุจูุธุจู,UAEasd1233,1689606195466682368,#DigitalDubai,"RT @DigitalDubai: ููุตุฉ ""04"" ุชุฑุจุทู ูุจุงุดุฑุฉู ุจุงูุฌูุฉ ุงูุญููููุฉ ุงููุนููุฉ ูู #ุฏุจู. ูุฏู ูุดุงุฑูุชู ุนุจุฑ ุชุทุจูู ูุงุชุณุงุจ ุงูุฃุนูุงู ุนูู 055 500 600 ๐ฌ

@TECofDuโฆ",False,2023-09-01T08:14:27.000Z,2,0,0,0,0,0,1697523296680489376,positive,informative,Arabic,24.37132,54.51426111
1697523064542572612,ุจูุธุจู,UAEasd1233,1689606195466682368,#DigitalDubai,RT @DigitalDubai: ุงูููู ููุณ ูุงูุฃูุณุ ููุฏ ุงุตุจุญ ุนูููุง ุงูุญุฐุฑ ุฃูุซุฑ ูุงูุชุฃูุฏ ูู ุตุญุฉ ุงูููุงุทุน ุงููุฑุฆูุฉ ูุงููุณููุนุฉ ูุงูุฑุณุงุฆู ุงูุตูุชูุฉ ุงูุบุฑูุจุฉ ูุงููุดุจููุฉ.โฆ,False,2023-09-01T08:13:31.000Z,32,0,0,0,0,0,1697523064542572612,caution,informative,arabic,24.37596917,54.74990583
1697522330690326538,OSAMA ELHARTHY,smsm_love550,968186593,#DigitalDubai,RT @ibahzad: #ุฎูู_ูุงุนู : ุงูููู ููุณ ูุงูุฃูุณุ ููุฏ ุฃุตุจุญ ูุชุนูู ุนูููุง ุงูุญุฐุฑ ุฃูุซุฑ ูุงูุชุฃูุฏ ูู ุตุญุฉ ุงูููุงุทุน ุงููุฑุฆูุฉ ูุงููุณููุนุฉ ูุงูุฑุณุงุฆู ุงูุตูุชูู ุงูุบุฑูุจโฆ,False,2023-09-01T08:10:36.000Z,24,0,0,0,0,0,1697522330690326538,positive,cautious,arabic,24.49544222,54.36040694
1697518147874558012,Weld Dubai,im_dubai,3122949192,#DigitalDubai,RT @DigitalDubai: ุงูููู ููุณ ูุงูุฃูุณุ ููุฏ ุงุตุจุญ ุนูููุง ุงูุญุฐุฑ ุฃูุซุฑ ูุงูุชุฃูุฏ ูู ุตุญุฉ ุงูููุงุทุน ุงููุฑุฆูุฉ ูุงููุณููุนุฉ ูุงูุฑุณุงุฆู ุงูุตูุชูุฉ ุงูุบุฑูุจุฉ ูุงููุดุจููุฉ.โฆ,False,2023-09-01T07:53:59.000Z,32,0,0,0,0,0,1697518147874558012,caution,warning,arabic,24.47677028,54.38636972
1697507636743176333,ุงููููููููู,AfafAlwakil,1244195511441244160,#DigitalDubai,RT @ibahzad: #ุฎูู_ูุงุนู : ุงูููู ููุณ ูุงูุฃูุณุ ููุฏ ุฃุตุจุญ ูุชุนูู ุนูููุง ุงูุญุฐุฑ ุฃูุซุฑ ูุงูุชุฃูุฏ ูู ุตุญุฉ ุงูููุงุทุน ุงููุฑุฆูุฉ ูุงููุณููุนุฉ ูุงูุฑุณุงุฆู ุงูุตูุชูู ุงูุบุฑูุจโฆ,False,2023-09-01T07:12:13.000Z,24,0,0,0,0,0,1697507636743176333,positive,cautious,arabic,23.53028889,53.78830472
1697487830446969042,ุฎุงูุฏ ุงููุฒุฑูุนู,Khalidalmazroui,55322173,#DigitalDubai,RT @DigitalDubai: ุงูููู ููุณ ูุงูุฃูุณุ ููุฏ ุงุตุจุญ ุนูููุง ุงูุญุฐุฑ ุฃูุซุฑ ูุงูุชุฃูุฏ ูู ุตุญุฉ ุงูููุงุทุน ุงููุฑุฆูุฉ ูุงููุณููุนุฉ ูุงูุฑุณุงุฆู ุงูุตูุชูุฉ ุงูุบุฑูุจุฉ ูุงููุดุจููุฉ.โฆ,False,2023-09-01T05:53:31.000Z,32,0,0,0,0,0,1697487830446969042,caution,warning,arabic,24.28859056,54.69954722
1697444134682804714,๐๐๐๐ผ๐๐ฟ๐,MSh3aib,3222158827,#DigitalDubai,RT @DigitalDubai: ุงูููู ููุณ ูุงูุฃูุณุ ููุฏ ุงุตุจุญ ุนูููุง ุงูุญุฐุฑ ุฃูุซุฑ ูุงูุชุฃูุฏ ูู ุตุญุฉ ุงูููุงุทุน ุงููุฑุฆูุฉ ูุงููุณููุนุฉ ูุงูุฑุณุงุฆู ุงูุตูุชูุฉ ุงูุบุฑูุจุฉ ูุงููุดุจููุฉ.โฆ,False,2023-09-01T02:59:53.000Z,32,0,0,0,0,0,1697444134682804714,caution,warning,arabic,24.36727861,54.50035833
1697370249518006447,S O N B L ยฎ,_SONBL,1912615824,#DigitalDubai,RT @DigitalDubai: ุงูููู ููุณ ูุงูุฃูุณุ ููุฏ ุงุตุจุญ ุนูููุง ุงูุญุฐุฑ ุฃูุซุฑ ูุงูุชุฃูุฏ ูู ุตุญุฉ ุงูููุงุทุน ุงููุฑุฆูุฉ ูุงููุณููุนุฉ ูุงูุฑุณุงุฆู ุงูุตูุชูุฉ ุงูุบุฑูุจุฉ ูุงููุดุจููุฉ.โฆ,False,2023-08-31T22:06:17.000Z,32,0,0,0,0,0,1697370249518006447,caution,informative,arabic,24.34505972,54.54779444
1697341494519087203,ูุจุงุฑู ุจู ุณุนูุฏ ุงูุฎูููู,msmsalkhyeli,1097823301,#DigitalDubai,RT @AlAmeenService: ุงูููู ููุณ ูุงูุฃูุณุ ููุฏ ุฃุตุจุญ ูุชุนูู ุนูููุง ุงูุญุฐุฑ ุฃูุซุฑ ูุงูุชุฃูุฏ ูู ุตุญุฉ ุงูููุงุทุน ุงููุฑุฆูุฉ ูุงููุณููุนุฉ ูุงูุฑุณุงุฆู ุงูุตูุชูู ุงูุบุฑูุจุฉ ูุงูโฆ,False,2023-08-31T20:12:02.000Z,9,0,0,0,0,0,1697341494519087203,positive,cautious,arabic,24.36635556,54.51281528
1697331202909155481,yazeeeeeeeeed,buyazed288,1469297348,#DigitalDubai,RT @DigitalDubai: ุงูููู ููุณ ูุงูุฃูุณุ ููุฏ ุงุตุจุญ ุนูููุง ุงูุญุฐุฑ ุฃูุซุฑ ูุงูุชุฃูุฏ ูู ุตุญุฉ ุงูููุงุทุน ุงููุฑุฆูุฉ ูุงููุณููุนุฉ ูุงูุฑุณุงุฆู ุงูุตูุชูุฉ ุงูุบุฑูุจุฉ ูุงููุดุจููุฉ.โฆ,False,2023-08-31T19:31:08.000Z,32,0,0,0,0,0,1697331202909155481,caution,informative,arabic,24.4657725,54.37546833
1697321910827122918,investing maan,InvestingMaan,1417199439849017361,#DigitalDubai,RT @DigitalDubai: ุงูููู ููุณ ูุงูุฃูุณุ ููุฏ ุงุตุจุญ ุนูููุง ุงูุญุฐุฑ ุฃูุซุฑ ูุงูุชุฃูุฏ ูู ุตุญุฉ ุงูููุงุทุน ุงููุฑุฆูุฉ ูุงููุณููุนุฉ ูุงูุฑุณุงุฆู ุงูุตูุชูุฉ ุงูุบุฑูุจุฉ ูุงููุดุจููุฉ.โฆ,False,2023-08-31T18:54:12.000Z,32,0,0,0,0,0,1697321910827122918,caution,informative,arabic,24.32743333,54.53153306
1697316542122197336,ุตูุงุฏู๐,Safia1ya,462020197,#DigitalDubai,RT @DigitalDubai: ุงูููู ููุณ ูุงูุฃูุณุ ููุฏ ุงุตุจุญ ุนูููุง ุงูุญุฐุฑ ุฃูุซุฑ ูุงูุชุฃูุฏ ูู ุตุญุฉ ุงูููุงุทุน ุงููุฑุฆูุฉ ูุงููุณููุนุฉ ูุงูุฑุณุงุฆู ุงูุตูุชูุฉ ุงูุบุฑูุจุฉ ูุงููุดุจููุฉ.โฆ,False,2023-08-31T18:32:52.000Z,32,0,0,0,0,0,1697316542122197336,caution,warning,arabic,24.52831528,54.374445
1697315216919327135,ููุฑูููู ุฃุญููุฏ,44mm_,2972486928,#DigitalDubai,@DigitalDubai @AlAmeenService @DIALA_ALI ุญุจูุช ููุฑุฉ ุงูุงุนูุงู #ุฎูู_ูุงุนู,False,2023-08-31T18:27:36.000Z,0,0,0,0,0,158,1696909628536131934,positive,appreciative,Arabic,24.47729528,54.38712472
1697315048929075547,ููุฑูููู ุฃุญููุฏ,44mm_,2972486928,#DigitalDubai,RT @DigitalDubai: ุงูููู ููุณ ูุงูุฃูุณุ ููุฏ ุงุตุจุญ ุนูููุง ุงูุญุฐุฑ ุฃูุซุฑ ูุงูุชุฃูุฏ ูู ุตุญุฉ ุงูููุงุทุน ุงููุฑุฆูุฉ ูุงููุณููุนุฉ ูุงูุฑุณุงุฆู ุงูุตูุชูุฉ ุงูุบุฑูุจุฉ ูุงููุดุจููุฉ.โฆ,False,2023-08-31T18:26:56.000Z,32,0,0,0,0,0,1697315048929075547,caution,informative,arabic,24.44514333,54.40395556
1697313089656598763,Thlipsis Imminent,thlipsisiminent,4784699918,#DigitalDubai,"RT @babylonsingular: The stage is set.

Dubai is positioned for what comes next.",False,2023-08-31T18:19:09.000Z,1,0,0,0,0,0,1697313089656598763,positive,neutral,English,24.44570833,54.59447583
1697312937637994656,@Mr.Friday,MrFridaay,1341040300362510336,#DigitalDubai,RT @DigitalDubai: ุงูููู ููุณ ูุงูุฃูุณุ ููุฏ ุงุตุจุญ ุนูููุง ุงูุญุฐุฑ ุฃูุซุฑ ูุงูุชุฃูุฏ ูู ุตุญุฉ ุงูููุงุทุน ุงููุฑุฆูุฉ ูุงููุณููุนุฉ ูุงูุฑุณุงุฆู ุงูุตูุชูุฉ ุงูุบุฑูุจุฉ ูุงููุดุจููุฉ.โฆ,False,2023-08-31T18:18:33.000Z,32,0,0,0,0,0,1697312937637994656,caution,informative,arabic,24.41183444,54.73559944
1697309408579981461,Riezel vista,Riezelvista2,1564256892939116545,#DigitalDubai,RT @DigitalDubai: ุงูููู ููุณ ูุงูุฃูุณุ ููุฏ ุงุตุจุญ ุนูููุง ุงูุญุฐุฑ ุฃูุซุฑ ูุงูุชุฃูุฏ ูู ุตุญุฉ ุงูููุงุทุน ุงููุฑุฆูุฉ ูุงููุณููุนุฉ ูุงูุฑุณุงุฆู ุงูุตูุชูุฉ ุงูุบุฑูุจุฉ ูุงููุดุจููุฉ.โฆ,False,2023-08-31T18:04:32.000Z,32,0,0,0,0,0,1697309408579981461,caution,informative,arabic,24.32350611,54.62219667
1697307520610501009,Babylon Singularity,babylonsingular,985725916650311681,#DigitalDubai,"The stage is set.

Dubai is positioned for what comes next. https://t.co/Thgg7i2La8",False,2023-08-31T17:57:02.000Z,1,0,0,0,0,184,1697307520610501009,positive,neutral,English,24.39112528,54.71125778
1697305825650348536,Mahmoud Abdelfattah,Mahmoud86252921,1335789544696913924,#DigitalDubai,RT @DigitalDubai: ุงูููู ููุณ ูุงูุฃูุณุ ููุฏ ุงุตุจุญ ุนูููุง ุงูุญุฐุฑ ุฃูุซุฑ ูุงูุชุฃูุฏ ูู ุตุญุฉ ุงูููุงุทุน ุงููุฑุฆูุฉ ูุงููุณููุนุฉ ูุงูุฑุณุงุฆู ุงูุตูุชูุฉ ุงูุบุฑูุจุฉ ูุงููุดุจููุฉ.โฆ,False,2023-08-31T17:50:17.000Z,32,0,0,0,0,0,1697305825650348536,caution,informative,arabic,24.29304694,54.57691028
1697305768402321415,๐๐ฝ.,_iSheikha_,423600457,#DigitalDubai,RT @AlAmeenService: ุงูููู ููุณ ูุงูุฃูุณุ ููุฏ ุฃุตุจุญ ูุชุนูู ุนูููุง ุงูุญุฐุฑ ุฃูุซุฑ ูุงูุชุฃูุฏ ูู ุตุญุฉ ุงูููุงุทุน ุงููุฑุฆูุฉ ูุงููุณููุนุฉ ูุงูุฑุณุงุฆู ุงูุตูุชูู ุงูุบุฑูุจุฉ ูุงูโฆ,False,2023-08-31T17:50:04.000Z,9,0,0,0,0,0,1697305768402321415,positive,cautious,arabic,24.513865,54.37496972
1697294388425052174,Abdulraheem Bawazir,Abdulrahee35811,1645760953730969600,#DigitalDubai,RT @ibahzad: #ุฎูู_ูุงุนู : ุงูููู ููุณ ูุงูุฃูุณุ ููุฏ ุฃุตุจุญ ูุชุนูู ุนูููุง ุงูุญุฐุฑ ุฃูุซุฑ ูุงูุชุฃูุฏ ูู ุตุญุฉ ุงูููุงุทุน ุงููุฑุฆูุฉ ูุงููุณููุนุฉ ูุงูุฑุณุงุฆู ุงูุตูุชูู ุงูุบุฑูุจโฆ,False,2023-08-31T17:04:51.000Z,24,0,0,0,0,0,1697294388425052174,positive,cautious,arabic,24.39606167,54.72035667
1697267131828818117,ุจู ุฒุงูุฏ,MuTaYaM_EmArAtI,299102074,#DigitalDubai,RT @DigitalDubai: ุงูููู ููุณ ูุงูุฃูุณุ ููุฏ ุงุตุจุญ ุนูููุง ุงูุญุฐุฑ ุฃูุซุฑ ูุงูุชุฃูุฏ ูู ุตุญุฉ ุงูููุงุทุน ุงููุฑุฆูุฉ ูุงููุณููุนุฉ ูุงูุฑุณุงุฆู ุงูุตูุชูุฉ ุงูุบุฑูุจุฉ ูุงููุดุจููุฉ.โฆ,False,2023-08-31T15:16:32.000Z,32,0,0,0,0,0,1697267131828818117,caution,informative,arabic,24.32728694,54.53523639
1697263875442217264,Yara ๐ฑ๐ง,YaraAdelDiab,475082763,#DigitalDubai,RT @DigitalDubai: ุงูููู ููุณ ูุงูุฃูุณุ ููุฏ ุงุตุจุญ ุนูููุง ุงูุญุฐุฑ ุฃูุซุฑ ูุงูุชุฃูุฏ ูู ุตุญุฉ ุงูููุงุทุน ุงููุฑุฆูุฉ ูุงููุณููุนุฉ ูุงูุฑุณุงุฆู ุงูุตูุชูุฉ ุงูุบุฑูุจุฉ ูุงููุดุจููุฉ.โฆ,False,2023-08-31T15:03:36.000Z,32,0,0,0,0,0,1697263875442217264,caution,informative,arabic,24.39377444,54.70886111
1697253084035260586,Abdulla Almarzooqi,Lemarzouqi,1285260435042766848,#DigitalDubai,RT @DigitalDubai: ุงูููู ููุณ ูุงูุฃูุณุ ููุฏ ุงุตุจุญ ุนูููุง ุงูุญุฐุฑ ุฃูุซุฑ ูุงูุชุฃูุฏ ูู ุตุญุฉ ุงูููุงุทุน ุงููุฑุฆูุฉ ูุงููุณููุนุฉ ูุงูุฑุณุงุฆู ุงูุตูุชูุฉ ุงูุบุฑูุจุฉ ูุงููุดุจููุฉ.โฆ,False,2023-08-31T14:20:43.000Z,32,0,0,0,0,0,1697253084035260586,caution,informative,arabic,24.49602667,54.370885
1697232083901448498,ุฎุงูุฏ ุงูุญูุณูู,khli1989d,1430256350932750338,#DigitalDubai,RT @Uae55Alhosani: ุงูููู ููุณ ูุงูุฃูุณุ ููุฏ ุฃุตุจุญ ูุชุนูู ุนูููุง ุงูุญุฐุฑ ุฃูุซุฑ ูุงูุชุฃูุฏ ูู ุตุญุฉ ุงูููุงุทุน ุงููุฑุฆูุฉ ูุงููุณููุนุฉ ูุงูุฑุณุงุฆู ุงูุตูุชูู ุงูุบุฑูุจุฉ ูุงููโฆ,False,2023-08-31T12:57:16.000Z,1,0,0,0,0,0,1697232083901448498,negative,cautious,arabic,24.28482222,54.5720625
1697231582187143255,Alhosani555 ุงุญูุฏ ุงูุญูุณูู,Uae55Alhosani,3324784824,#DigitalDubai,"ุงูููู ููุณ ูุงูุฃูุณุ ููุฏ ุฃุตุจุญ ูุชุนูู ุนูููุง ุงูุญุฐุฑ ุฃูุซุฑ ูุงูุชุฃูุฏ ูู ุตุญุฉ ุงูููุงุทุน ุงููุฑุฆูุฉ ูุงููุณููุนุฉ ูุงูุฑุณุงุฆู ุงูุตูุชูู ุงูุบุฑูุจุฉ ูุงููุดุจููุฉ .. ุฃุชุนุฑู ููุงุฐุงุ ุดุงูุฏ ุงูููุฏูู ๐น

#ุฎุฏูุฉ_ุงูุฃููู
#ุฎูู_ูุงุนู
#ุฏุจู_ุงูุฑูููุฉ

@AlAmeenService
#BeAware
#DigitalDubai https://t.co/rSFMn18oME",False,2023-08-31T12:55:16.000Z,1,0,0,0,0,75,1697231582187143255,positive,cautious,arabic,24.40607278,54.569055
1696910875318194203,Alhosani555 ุงุญูุฏ ุงูุญูุณูู,Uae55Alhosani,3324784824,#ุฏุจู_ุงูุฑูููุฉ,RT @AlBayanNews: ุงูููู ููุณ ูุงูุฃูุณุ ููุฏ ุฃุตุจุญ ูุชุนูู ุนูููุง ุงูุญุฐุฑ ุฃูุซุฑ ูุงูุชุฃูุฏ ูู ุตุญุฉ ุงูููุงุทุน ุงููุฑุฆูุฉ ูุงููุณููุนุฉ ูุงูุฑุณุงุฆู ุงูุตูุชูู ุงูุบุฑูุจุฉ ูุงููุดุจโฆ,False,2023-08-30T15:40:54.000Z,4,0,0,0,0,0,1696910875318194203,negative,cautious,arabic,24.43981333,54.43435806
1697229146034672090,ุฅุจุฑุงููู ุจูุฒุงุฏ,ibahzad,445293273,#DigitalDubai,RT @ibahzad: #ุฎูู_ูุงุนู : ุงูููู ููุณ ูุงูุฃูุณุ ููุฏ ุฃุตุจุญ ูุชุนูู ุนูููุง ุงูุญุฐุฑ ุฃูุซุฑ ูุงูุชุฃูุฏ ูู ุตุญุฉ ุงูููุงุทุน ุงููุฑุฆูุฉ ูุงููุณููุนุฉ ูุงูุฑุณุงุฆู ุงูุตูุชูู ุงูุบุฑูุจโฆ,False,2023-08-31T12:45:36.000Z,24,0,0,0,0,0,1697229146034672090,positive,cautious,arabic,24.37996611,54.51451889
1696910426548621479,ุฅุจุฑุงููู ุจูุฒุงุฏ,ibahzad,445293273,#ุฏุจู_ุงูุฑูููุฉ,"#ุฎูู_ูุงุนู : ุงูููู ููุณ ูุงูุฃูุณุ ููุฏ ุฃุตุจุญ ูุชุนูู ุนูููุง ุงูุญุฐุฑ ุฃูุซุฑ ูุงูุชุฃูุฏ ูู ุตุญุฉ ุงูููุงุทุน ุงููุฑุฆูุฉ ูุงููุณููุนุฉ ูุงูุฑุณุงุฆู ุงูุตูุชูู ุงูุบุฑูุจุฉ ูุงููุดุจููุฉ .. ุฃุชุนุฑู ููุงุฐุงุ ุดุงูุฏ ุงูููุฏูู ๐น

#ุฎุฏูุฉ_ุงูุฃููู   
@AlAmeenService
 
#ุฏุจู_ุงูุฑูููุฉ   @DigitalDubai https://t.co/JVUtBeQRRX",False,2023-08-30T15:39:07.000Z,24,3,75,0,0,4797,1696910426548621479,positive,cautious,arabic,24.34798389,54.4775525
1697228914039406766,ุญุณูู ุนุจุฏุงูุฑุญูู,gkNYIrUC9zpFBon,1251701495097163781,#DigitalDubai,RT @DigitalDubai: ุงูููู ููุณ ูุงูุฃูุณุ ููุฏ ุงุตุจุญ ุนูููุง ุงูุญุฐุฑ ุฃูุซุฑ ูุงูุชุฃูุฏ ูู ุตุญุฉ ุงูููุงุทุน ุงููุฑุฆูุฉ ูุงููุณููุนุฉ ูุงูุฑุณุงุฆู ุงูุตูุชูุฉ ุงูุบุฑูุจุฉ ูุงููุดุจููุฉ.โฆ,False,2023-08-31T12:44:40.000Z,32,0,0,0,0,0,1697228914039406766,caution,warning,arabic,24.40738028,54.59379917
1697224205560123808,Arjun Ram,ArjunRam63733,1657337143780360193,#DigitalDubai,RT @DigitalDubai: ุงูููู ููุณ ูุงูุฃูุณุ ููุฏ ุงุตุจุญ ุนูููุง ุงูุญุฐุฑ ุฃูุซุฑ ูุงูุชุฃูุฏ ูู ุตุญุฉ ุงูููุงุทุน ุงููุฑุฆูุฉ ูุงููุณููุนุฉ ูุงูุฑุณุงุฆู ุงูุตูุชูุฉ ุงูุบุฑูุจุฉ ูุงููุดุจููุฉ.โฆ,False,2023-08-31T12:25:58.000Z,32,0,0,0,0,0,1697224205560123808,caution,warning,arabic,24.40160833,54.71762222
1697212316767371325,Tyrone Simon,simon_tyro43001,1694676296683425792,#DigitalDubai,@DigitalDubai @ashrafkanjo @Dubai_DED ููุจูุน ูุฑู ุงูุฑููู ุจูุตู ุงููููู ุงูุชูุงุตู ูุงุชุณ ุงุจ  00380999819067,False,2023-08-31T11:38:43.000Z,0,0,0,0,0,0,1696893641564803572,negative,informative,arabic,24.42122083,54.44692722
1697207092040311162,ุทุงุฑู ุงูุฌูุงุญู,TariqAlJanahi,504978631,#DigitalDubai,"RT @DigitalDubai: ููุตุฉ ""04"" ุชุฑุจุทู ูุจุงุดุฑุฉู ุจุงูุฌูุฉ ุงูุญููููุฉ ุงููุนููุฉ ูู #ุฏุจู. ูุฏู ูุดุงุฑูุชู ุนุจุฑ ุชุทุจูู ูุงุชุณุงุจ ุงูุฃุนูุงู ุนูู 055 500 600 ๐ฌ

@TECofDuโฆ",False,2023-08-31T11:17:57.000Z,2,0,0,0,0,0,1697207092040311162,positive,informative,Arabic,24.34347111,54.49445278
1696939846474797271,ุทุงุฑู ุงูุฌูุงุญู,TariqAlJanahi,504978631,#DigitalDubai,RT @AlBayanNews: ุงูููู ููุณ ูุงูุฃูุณุ ููุฏ ุฃุตุจุญ ูุชุนูู ุนูููุง ุงูุญุฐุฑ ุฃูุซุฑ ูุงูุชุฃูุฏ ูู ุตุญุฉ ุงูููุงุทุน ุงููุฑุฆูุฉ ูุงููุณููุนุฉ ูุงูุฑุณุงุฆู ุงูุตูุชูู ุงูุบุฑูุจุฉ ูุงููุดุจโฆ,False,2023-08-30T17:36:01.000Z,4,0,0,0,0,0,1696939846474797271,positive,cautious,arabic,24.37215917,54.52122611
1696927448850481218,ุทุงุฑู ุงูุฌูุงุญู,TariqAlJanahi,504978631,#DigitalDubai,RT @alkhaleej: ุงูููู ููุณ ูุงูุฃูุณุ ููุฏ ุฃุตุจุญ ูุชุนูู ุนูููุง ุงูุญุฐุฑ ุฃูุซุฑ ูุงูุชุฃูุฏ ูู ุตุญุฉ ุงูููุงุทุน ุงููุฑุฆูุฉ ูุงููุณููุนุฉ ูุงูุฑุณุงุฆู ุงูุตูุชูู ุงูุบุฑูุจุฉ ูุงููุดุจููโฆ,False,2023-08-30T16:46:45.000Z,4,0,0,0,0,0,1696927448850481218,caution,warning,arabic,24.37282028,54.66943917
1696927392458064081,ุทุงุฑู ุงูุฌูุงุญู,TariqAlJanahi,504978631,#DigitalDubai,"RT @alqsim_f: ุงูููู ููุณ ูุงูุฃูุณุ ุฃุตุจุญ ุนูููุง ุงูุญุฐุฑ ุฃูุซุฑ ูุงูุชุฃูุฏ ูู ุตุญุฉ ุงูููุงุทุน ุงููุฑุฆูุฉ ูุงููุณููุนุฉ ูุงูุฑุณุงุฆู ุงูุตูุชูุฉ ุงูุบุฑูุจุฉ ูุงููุดุจููุฉ.
 ููู ุชุนุฑโฆ",False,2023-08-30T16:46:32.000Z,1,0,0,0,0,0,1696927392458064081,caution,neutral,arabic,24.34737167,54.49440778
1696917584690458907,ุทุงุฑู ุงูุฌูุงุญู,TariqAlJanahi,504978631,#DigitalDubai,RT @ibahzad: #ุฎูู_ูุงุนู : ุงูููู ููุณ ูุงูุฃูุณุ ููุฏ ุฃุตุจุญ ูุชุนูู ุนูููุง ุงูุญุฐุฑ ุฃูุซุฑ ูุงูุชุฃูุฏ ูู ุตุญุฉ ุงูููุงุทุน ุงููุฑุฆูุฉ ูุงููุณููุนุฉ ูุงูุฑุณุงุฆู ุงูุตูุชูู ุงูุบุฑูุจโฆ,False,2023-08-30T16:07:34.000Z,24,0,0,0,0,0,1696917584690458907,positive,cautious,arabic,24.3798725,54.51263194
1696917109765206252,ุทุงุฑู ุงูุฌูุงุญู,TariqAlJanahi,504978631,#DigitalDubai,RT @AlAmeenService: ุงูููู ููุณ ูุงูุฃูุณุ ููุฏ ุฃุตุจุญ ูุชุนูู ุนูููุง ุงูุญุฐุฑ ุฃูุซุฑ ูุงูุชุฃูุฏ ูู ุตุญุฉ ุงูููุงุทุน ุงููุฑุฆูุฉ ูุงููุณููุนุฉ ูุงูุฑุณุงุฆู ุงูุตูุชูู ุงูุบุฑูุจุฉ ูุงูโฆ,False,2023-08-30T16:05:40.000Z,9,0,0,0,0,0,1696917109765206252,positive,cautious,arabic,24.36200111,54.51714472
1696912187032289581,ุทุงุฑู ุงูุฌูุงุญู,TariqAlJanahi,504978631,#DigitalDubai,RT @DigitalDubai: ุงูููู ููุณ ูุงูุฃูุณุ ููุฏ ุงุตุจุญ ุนูููุง ุงูุญุฐุฑ ุฃูุซุฑ ูุงูุชุฃูุฏ ูู ุตุญุฉ ุงูููุงุทุน ุงููุฑุฆูุฉ ูุงููุณููุนุฉ ูุงูุฑุณุงุฆู ุงูุตูุชูุฉ ุงูุบุฑูุจุฉ ูุงููุดุจููุฉ.โฆ,False,2023-08-30T15:46:07.000Z,32,0,0,0,0,0,1696912187032289581,caution,informative,arabic,24.44516778,54.40492722
1696935647833915791,ุทุงุฑู ุงูุฌูุงุญู,TariqAlJanahi,504978631,#ุฏุจู_ุงูุฑูููุฉ,RT @algentleuae: ุงูููู ููุณ ูุงูุฃูุณุ ููุฏ ุฃุตุจุญ ูุชุนูู ุนูููุง ุงูุญุฐุฑ ุฃูุซุฑ ูุงูุชุฃูุฏ ูู ุตุญุฉ ุงูููุงุทุน ุงููุฑุฆูุฉ ูุงููุณููุนุฉ ูุงูุฑุณุงุฆู ุงูุตูุชูู ุงูุบุฑูุจุฉ ูุงููุดุจโฆ,False,2023-08-30T17:19:20.000Z,4,0,0,0,0,0,1696935647833915791,negative,cautious,arabic,24.43456611,54.40529778
1696927410380325031,ุทุงุฑู ุงูุฌูุงุญู,TariqAlJanahi,504978631,#ุฏุจู_ุงูุฑูููุฉ,RT @emaratalyoum: ุงูููู ููุณ ูุงูุฃูุณุ ููุฏ ุฃุตุจุญ ูุชุนูู ุนูููุง ุงูุญุฐุฑ ุฃูุซุฑ ูุงูุชุฃูุฏ ูู ุตุญุฉ ุงูููุงุทุน ุงููุฑุฆูุฉ ูุงููุณููุนุฉ ูุงูุฑุณุงุฆู ุงูุตูุชูู ุงูุบุฑูุจุฉ ูุงููุดโฆ,False,2023-08-30T16:46:36.000Z,7,0,0,0,0,0,1696927410380325031,positive,cautious,arabic,24.38090583,54.51263972
1696901070247632898,ุทุงุฑู ุงูุฌูุงุญู,TariqAlJanahi,504978631,#DubaiNow,"RT @DigitalDubai: #ุฑูููุงุช: ุจูุบ ุนุฏุฏ ูุนุงููุงุช ุชุทุจูู #ุฏุจู_ุงูุขู ููุฐ ุฅุทูุงูู ุญุชู ุงูุขู ุฃูุซุฑ ูู 23 ููููู ูุนุงููุฉ ๐ฑ
#ุฏุจู_ุงูุฑูููุฉ

Number of transactioโฆ",False,2023-08-30T15:01:56.000Z,2,0,0,0,0,0,1696901070247632898,positive,informative,arabic,24.46536333,54.3509
1697203079102222381,Digital Dubai ุฏุจู ุงูุฑูููุฉ,DigitalDubai,79970951,#DigitalDubai,"The ""04"" platform connects you directly to the dedicated government entity in #Dubai. Share your feedback through WhatsApp Business at 600 500 055 ๐ฌ

@TECofDubai
@DTMCentre

#DigitalDubai https://t.co/kjmlHvy0Sn",False,2023-08-31T11:02:01.000Z,1,0,2,0,0,328,1697203026480464104,positive,informative,English,24.36928694,54.51386806
1697203026480464104,Digital Dubai ุฏุจู ุงูุฑูููุฉ,DigitalDubai,79970951,#DigitalDubai,"ููุตุฉ ""04"" ุชุฑุจุทู ูุจุงุดุฑุฉู ุจุงูุฌูุฉ ุงูุญููููุฉ ุงููุนููุฉ ูู #ุฏุจู. ูุฏู ูุดุงุฑูุชู ุนุจุฑ ุชุทุจูู ูุงุชุณุงุจ ุงูุฃุนูุงู ุนูู 055 500 600 ๐ฌ

@TECofDubai
@DTMCentre
#ุฏุจู_ุงูุฑูููุฉ https://t.co/8tGZ0TBJJ3",False,2023-08-31T11:01:48.000Z,2,1,1,0,0,766,1697203026480464104,positive,informative,arabic,24.33950222,54.52486611
1696909628536131934,Digital Dubai ุฏุจู ุงูุฑูููุฉ,DigitalDubai,79970951,#ุฏุจู_ุงูุฑูููุฉ,"ุงูููู ููุณ ูุงูุฃูุณุ ููุฏ ุงุตุจุญ ุนูููุง ุงูุญุฐุฑ ุฃูุซุฑ ูุงูุชุฃูุฏ ูู ุตุญุฉ ุงูููุงุทุน ุงููุฑุฆูุฉ ูุงููุณููุนุฉ ูุงูุฑุณุงุฆู ุงูุตูุชูุฉ ุงูุบุฑูุจุฉ ูุงููุดุจููุฉ. ุฃุชุนุฑู ููุงุฐุงุ ุดุงูุฏ ุงูููุฏูู ๐น
#ุฎูู_ูุงุนู
#ุฏุจู_ุงูุฑูููุฉ

Ensure the authenticity of suspicious video &amp; audio clips &amp; voice messages.
#BeAware
#DigitalDubai https://t.co/Q56Cla4qxg",False,2023-08-30T15:35:57.000Z,32,4,94,0,5,112625,1696909628536131934,positive,informative,arabic,24.34940778,54.49735722
1696839662675837407,Digital Dubai ุฏุจู ุงูุฑูููุฉ,DigitalDubai,79970951,#DubaiNow,"#ุฑูููุงุช: ุจูุบ ุนุฏุฏ ูุนุงููุงุช ุชุทุจูู #ุฏุจู_ุงูุขู ููุฐ ุฅุทูุงูู ุญุชู ุงูุขู ุฃูุซุฑ ูู 23 ููููู ูุนุงููุฉ ๐ฑ
#ุฏุจู_ุงูุฑูููุฉ

Number of transactions on the #DubaiNow app since its launch exceeded 23 million transactions.
#Digitalization
#DigitalDubai https://t.co/Q8VUIGEjEP",False,2023-08-30T10:57:55.000Z,2,0,2,0,0,1040,1696839662675837407,positive,informative,arabic,24.37719111,54.50235833
1697201447555760543,IbrahimMardini,IbrahimMar2369,1679028432020156418,#DigitalDubai,RT @DigitalDubai: ุงูููู ููุณ ูุงูุฃูุณุ ููุฏ ุงุตุจุญ ุนูููุง ุงูุญุฐุฑ ุฃูุซุฑ ูุงูุชุฃูุฏ ูู ุตุญุฉ ุงูููุงุทุน ุงููุฑุฆูุฉ ูุงููุณููุนุฉ ูุงูุฑุณุงุฆู ุงูุตูุชูุฉ ุงูุบุฑูุจุฉ ูุงููุดุจููุฉ.โฆ,False,2023-08-31T10:55:32.000Z,32,0,0,0,0,0,1697201447555760543,caution,informative,arabic,24.38021444,54.51512556
1697200928061886819,๐๐ฐ๐ด๐ด๐ณ ๐ฆ๐ช,bo_askoor11,768192927214428160,#DigitalDubai,RT @DigitalDubai: ุงูููู ููุณ ูุงูุฃูุณุ ููุฏ ุงุตุจุญ ุนูููุง ุงูุญุฐุฑ ุฃูุซุฑ ูุงูุชุฃูุฏ ูู ุตุญุฉ ุงูููุงุทุน ุงููุฑุฆูุฉ ูุงููุณููุนุฉ ูุงูุฑุณุงุฆู ุงูุตูุชูุฉ ุงูุบุฑูุจุฉ ูุงููุดุจููุฉ.โฆ,False,2023-08-31T10:53:28.000Z,32,0,0,0,0,0,1697200928061886819,caution,informative,arabic,24.48872556,54.39482028
1697159387930882094,Ahmed Fawzi,fawzi_uae,122597939,#DigitalDubai,"RT @DXBMediaOffice: ุจูุบ ุนุฏุฏ ูุนุงููุงุช ุชุทุจูู "" #ุฏุจู ุงูุขู""ุ ููุฐ ุฅุทูุงูู ุญุชู ุงูุขู ุจูุบ ุฃูุซุฑ ูู 23 ููููู ูุนุงููุฉุ ูููุง 2.6 ููููู ูุนุงููุฉ ุฎูุงู ุงููุตู ุงโฆ",False,2023-08-31T08:08:24.000Z,2,0,0,0,0,0,1697159387930882094,positive,informative,arabic,24.38107139,54.51635944
1697148271947399564,ุงูุฏูุชูุฑู // ุชุณููู ุงูุญุงูุฏู,tureladnanu49h,777021911133978624,#DigitalDubai,"@ALWATAN_UAE @DigitalDubai ๐ุฌุฏูุฏ ๐
ุงููู ูุงูุถู ุฃููุงุน ุงูููููุงุช ููุนูุงูุฉ ุงูุฒูุฌูุฉ 
โ๏ธโ๏ธ
ูุจูุงูุฉ ุงูุฃููุงุน ๐

โูุฑููุงุช ุชูุจูุฑ 

โ๏ธุญุจูุจ ุขููุฉ ๐ค

โจุจุฎุงุฎ 

ุงุฌูุฒุฉ ููุชูุจูุฑ ๐

ุนููุฉ ยฐ ููุทุฑุงุช 

๐ูุงููุฒูุฏ ูู ุงูููุชุฌุงุช ุงููุฑุบูุจ ุจูุง ๐ 

๐ฌุชูุงุตู ูุนู ูุณุชุฌุฏ ูุง ูุณุฑู ๐ฌ

๐ูู ุจุฒูุงุฑุฉ ุญุณุงุจู ๐ฒ",False,2023-08-31T07:24:14.000Z,0,0,0,0,0,5,1697148123594862817,positive,excited,Arabic,24.47225944,54.34762944
1697140363599679592,Zubiya Shaikh,ZSY_5,1600549267147571222,#DigitalDubai,RT @DigitalDubai: ุงูููู ููุณ ูุงูุฃูุณุ ููุฏ ุงุตุจุญ ุนูููุง ุงูุญุฐุฑ ุฃูุซุฑ ูุงูุชุฃูุฏ ูู ุตุญุฉ ุงูููุงุทุน ุงููุฑุฆูุฉ ูุงููุณููุนุฉ ูุงูุฑุณุงุฆู ุงูุตูุชูุฉ ุงูุบุฑูุจุฉ ูุงููุดุจููุฉ.โฆ,False,2023-08-31T06:52:48.000Z,32,0,0,0,0,0,1697140363599679592,caution,informative,arabic,24.36288389,54.50396611
1697138636569874589,โคโคุนุทุฑ ุงูุฃูู โคโค,jesusca88087141,1504829425,#DigitalDubai,RT @ibahzad: #ุฎูู_ูุงุนู : ุงูููู ููุณ ูุงูุฃูุณุ ููุฏ ุฃุตุจุญ ูุชุนูู ุนูููุง ุงูุญุฐุฑ ุฃูุซุฑ ูุงูุชุฃูุฏ ูู ุตุญุฉ ุงูููุงุทุน ุงููุฑุฆูุฉ ูุงููุณููุนุฉ ูุงูุฑุณุงุฆู ุงูุตูุชูู ุงูุบุฑูุจโฆ,False,2023-08-31T06:45:56.000Z,24,0,0,0,0,0,1697138636569874589,positive,cautious,arabic,24.36727639,54.50773139
1697134951710302641,ุฎฺธูุูููุูุฉ,alain74487,566551128,#DigitalDubai,"RT @alkhaleej: ุจูุบ ุนุฏุฏ ูุนุงููุงุช ุชุทุจูู "" #ุฏุจู ุงูุขู""ุ ููุฐ ุฅุทูุงูู ุญุชู ุงูุขู ุจูุบ ุฃูุซุฑ ูู 23 ููููู ูุนุงููุฉุ ูููุง 2.6 ููููู ูุนุงููุฉ ุฎูุงู ุงููุตู ุงูุฃููโฆ",False,2023-08-31T06:31:18.000Z,1,0,0,0,0,0,1697134951710302641,positive,informative,arabic,24.50932611,54.37906167
1696917325398639027,ุฎฺธูุูููุูุฉ,alain74487,566551128,#DigitalDubai,RT @alkhaleej: ุงูููู ููุณ ูุงูุฃูุณุ ููุฏ ุฃุตุจุญ ูุชุนูู ุนูููุง ุงูุญุฐุฑ ุฃูุซุฑ ูุงูุชุฃูุฏ ูู ุตุญุฉ ุงูููุงุทุน ุงููุฑุฆูุฉ ูุงููุณููุนุฉ ูุงูุฑุณุงุฆู ุงูุตูุชูู ุงูุบุฑูุจุฉ ูุงููุดุจููโฆ,False,2023-08-30T16:06:32.000Z,4,0,0,0,0,0,1696917325398639027,caution,warning,arabic,24.46630806,54.38581278
1697129556774146136,ุฏ.ุณูุงู ุฃุฎุตูุงุฆูุฉ ุงูุชุบุฐูุฉ๐ธ๐ฆ,altghdhyt63,1690677527092641792,#DigitalDubai,"@AlBayanNews @DigitalDubai ุฌุฏูุฏโก๏ธูุญุตุฑูุงูโก

โชุงูุถู ุงููุงุน ุงูููููุงุช ุงูุทุจูุนูุฉ ููุนูุงูุฉ ุงูุฒูุฌูุฉุ
โ๏ธโ๏ธ 
ูุจูุงูุฉ ุงูุฃููุงุน ยปโ๏ธ

โ ฺชุฑูููุงุช

โ ุญุจููุจ ุขูููุฉ๐ค

โ ุจูููุฎูุงุฎ

โ ุงุฌูููุฒูุฉ ููุชููฺฉูุจูุฑโจ๏ธ

โ ุนูฺชูุฉุุูููุทูุฑุงุช ูููุณุงุก

๐ยปูุงูุนุฏูุฏ ูู ุงูููุชุฌุงุช ุงููููุฒู ูุงูุขูููยซ๐

๐ฌุชุฌุฏููุง ูู ุญุณุงุจููุุุุฑุงุณูููููู๐๐ฌ",False,2023-08-31T06:09:52.000Z,0,0,0,0,0,1,1697129407658242133,positive,informative,arabic,24.14911778,54.43164833
1697129546779148341,ุฏ / ุณุนุงุฏ ุงูุตุงูุญู,kudayburak6ofv,777008529999794177,#DigitalDubai,"@AlBayanNews @DigitalDubai ๐ุฌุฏูุฏ ๐
ุงููู ูุงูุถู ุฃููุงุน ุงูููููุงุช ููุนูุงูุฉ ุงูุฒูุฌูุฉ 
โ๏ธโ๏ธ
ูุจูุงูุฉ ุงูุฃููุงุน ๐

โูุฑููุงุช ุชูุจูุฑ 

โ๏ธุญุจูุจ ุขููุฉ ๐ค

โจุจุฎุงุฎ 

ุงุฌูุฒุฉ ููุชูุจูุฑ ๐

ุนููุฉ ยฐ ููุทุฑุงุช 

๐ูุงููุฒูุฏ ูู ุงูููุชุฌุงุช ุงููุฑุบูุจ ุจูุง ๐ 

๐ฌุชูุงุตู ูุนู ูุณุชุฌุฏ ูุง ูุณุฑู ๐ฌ

๐ูู ุจุฒูุงุฑุฉ ุญุณุงุจู ๐ฒ",False,2023-08-31T06:09:49.000Z,0,0,0,0,0,7,1697129407658242133,positive,excited,Arabic,24.34465056,54.46719944
1697129470375682233,ุงูุฏูุชูุฑุฉ ุณููู ุงูููุทููุฑู,adnanmayhosuudr,778267914231246849,#DigitalDubai,"@alkhaleej @DigitalDubai ๐ุฌุฏูุฏ ๐
ุงููู ูุงูุถู ุฃููุงุน ุงูููููุงุช ููุนูุงูุฉ ุงูุฒูุฌูุฉ 
โ๏ธโ๏ธ
ูุจูุงูุฉ ุงูุฃููุงุน ๐

โูุฑููุงุช ุชูุจูุฑ 

โ๏ธุญุจูุจ ุขููุฉ ๐ค

โจุจุฎุงุฎ 

ุงุฌูุฒุฉ ููุชูุจูุฑ ๐

ุนููุฉ ยฐ ููุทุฑุงุช 

๐ูุงููุฒูุฏ ูู ุงูููุชุฌุงุช ุงููุฑุบูุจ ุจูุง ๐ 

๐ฌุชูุงุตู ูุนู ูุณุชุฌุฏ ูุง ูุณุฑู ๐ฌ

๐ูู ุจุฒูุงุฑุฉ ุญุณุงุจู ๐ฒ",False,2023-08-31T06:09:31.000Z,0,0,0,0,0,6,1697129315299733820,positive,excited,Arabic,24.34573417,54.49591
1697129435927806450,Javion Reed,javion_ree26181,1694677109766053888,#DigitalDubai,@AlBayanNews @DigitalDubai ูุง ุชุฏุน ูุฐู ุงููุฑุตุฉ ุงูุฑุงุฆุนุฉ ุชููุชู ุงุญุตู ุนูู ูุฑู ุงูุฑููู ุงูุฌูุฏุฉ ุจุฎุตู 50ูช  ุงูุชูุงุตู ุนุจุฑ ุงููุงุชุณ ุงุจ 00380999819067,False,2023-08-31T06:09:23.000Z,0,0,0,0,0,0,1697129407658242133,positive,promotional,arabic,24.36701944,54.51218472
1697129407658242133,ุตุญููุฉ ุงูุจูุงู,AlBayanNews,114251189,#DigitalDubai,"ุจูุบ ุนุฏุฏ ูุนุงููุงุช ุชุทุจูู "" #ุฏุจู ุงูุขู""ุ ููุฐ ุฅุทูุงูู ุญุชู ุงูุขู ุจูุบ ุฃูุซุฑ ูู 23 ููููู ูุนุงููุฉุ ูููุง 2.6 ููููู ูุนุงููุฉ ุฎูุงู ุงููุตู ุงูุฃูู ูู ุงูุนุงู ุงูุฌุงุฑูุ ูุจูุบ ุนุฏุฏ ุงููุณุชุฎุฏููู 1.1 ููููู ูุชุนุงููุ ุจูููู 100 ุฃูู ูุชุนุงูู ุฎูุงู ุงูุนุงู 2023.
@DigitalDubai https://t.co/RLm6V5OjOv",False,2023-08-31T06:09:16.000Z,0,3,3,0,0,1333,1697129407658242133,positive,informative,arabic,24.36498944,54.51545778
1697129315299733820,ุตุญููุฉ ุงูุฎููุฌ,alkhaleej,114846623,#DigitalDubai,"ุจูุบ ุนุฏุฏ ูุนุงููุงุช ุชุทุจูู "" #ุฏุจู ุงูุขู""ุ ููุฐ ุฅุทูุงูู ุญุชู ุงูุขู ุจูุบ ุฃูุซุฑ ูู 23 ููููู ูุนุงููุฉุ ูููุง 2.6 ููููู ูุนุงููุฉ ุฎูุงู ุงููุตู ุงูุฃูู ูู ุงูุนุงู ุงูุฌุงุฑูุ ูุจูุบ ุนุฏุฏ ุงููุณุชุฎุฏููู 1.1 ููููู ูุชุนุงููุ ุจูููู 100 ุฃูู ูุชุนุงูู ุฎูุงู ุงูุนุงู 2023

@DigitalDubai 

#ุตุญููุฉ_ุงูุฎููุฌ https://t.co/5G4MvQUSst",False,2023-08-31T06:08:54.000Z,1,1,1,0,0,937,1697129315299733820,positive,informative,arabic,24.19122722,54.65008111
1697129193992016368,ุงูุฏูุชูุฑุฉ ุจูุณุงู ุงููุงุดูู,bircearslans3rt,778156644727418882,#DigitalDubai,"@DXBMediaOffice @DigitalDubai ๐ุฌุฏูุฏ ๐
ุงููู ูุงูุถู ุฃููุงุน ุงูููููุงุช ููุนูุงูุฉ ุงูุฒูุฌูุฉ 
โ๏ธโ๏ธ
ูุจูุงูุฉ ุงูุฃููุงุน ๐

โูุฑููุงุช ุชูุจูุฑ 

โ๏ธุญุจูุจ ุขููุฉ ๐ค

โจุจุฎุงุฎ 

ุงุฌูุฒุฉ ููุชูุจูุฑ ๐

ุนููุฉ ยฐ ููุทุฑุงุช 

๐ูุงููุฒูุฏ ูู ุงูููุชุฌุงุช ุงููุฑุบูุจ ุจูุง ๐ 

๐ฌุชูุงุตู ูุนู ูุณุชุฌุฏ ูุง ูุณุฑู ๐ฌ

๐ูู ุจุฒูุงุฑุฉ ุญุณุงุจู ๐ฒ",False,2023-08-31T06:08:25.000Z,0,0,0,0,0,12,1697128981256929348,positive,excited,Arabic,24.50249722,54.3740625
1697128981256929348,Dubai Media Office,DXBMediaOffice,37599685,#DigitalDubai,"ุจูุบ ุนุฏุฏ ูุนุงููุงุช ุชุทุจูู "" #ุฏุจู ุงูุขู""ุ ููุฐ ุฅุทูุงูู ุญุชู ุงูุขู ุจูุบ ุฃูุซุฑ ูู 23 ููููู ูุนุงููุฉุ ูููุง 2.6 ููููู ูุนุงููุฉ ุฎูุงู ุงููุตู ุงูุฃูู ูู ุงูุนุงู ุงูุฌุงุฑูุ ูุจูุบ ุนุฏุฏ ุงููุณุชุฎุฏููู 1.1 ููููู ูุชุนุงููุ ุจูููู 100 ุฃูู ูุชุนุงูู ุฎูุงู ุงูุนุงู 2023.
@DigitalDubai https://t.co/nkc07igimY",False,2023-08-31T06:07:34.000Z,2,1,8,0,1,3812,1697128981256929348,positive,informative,arabic,24.45899667,54.34380611
1697093702919880890,ูููู ุตุงูุญ,lylysalh182,1533646708869058560,#DigitalDubai,RT @ibahzad: #ุฎูู_ูุงุนู : ุงูููู ููุณ ูุงูุฃูุณุ ููุฏ ุฃุตุจุญ ูุชุนูู ุนูููุง ุงูุญุฐุฑ ุฃูุซุฑ ูุงูุชุฃูุฏ ูู ุตุญุฉ ุงูููุงุทุน ุงููุฑุฆูุฉ ูุงููุณููุนุฉ ูุงูุฑุณุงุฆู ุงูุตูุชูู ุงูุบุฑูุจโฆ,False,2023-08-31T03:47:23.000Z,24,0,0,0,0,0,1697093702919880890,positive,cautious,arabic,24.45526944,54.38075306
1697088574057771221,Salim ุฅุฏุฑูุณ,salim75498904,1631449875068977154,#DigitalDubai,"@tdrauae @uaedgov @uaeelection @DigitalDubai @AbuDhabiDigital ุงุจูุงุก ูุฑูุณุง ุงููุฑุงุบูุฉ ููุงุฌููู ุงูุฅูุงุฑุงุช ุจุณุจุจ ูุดููู ุงูุฏุฎูู ููุจุฑููุณ ุชุจูู ูุชุจุงูู ุนูู ุนุฏู ุชููุฑู ุนูู ุงูุนุฏุณ ููุฑูุฏ ุฏุฎูู ูุจุฑููุณ ููุชูู ุงูุฅูุงุฑุงุช ๐๐๐๐๐๐๐๐
https://t.co/9BgpFQ2Fsm",False,2023-08-31T03:27:01.000Z,0,0,0,0,0,75,1696778102477672654,negative,sarcastic,arabic,24.37263111,54.5173375
1697088283581218952,ุงูุญูุงุฉ ุฌูููุฉ,AlHayat_Jamilah,965671891045421056,#DigitalDubai,RT @ibahzad: #ุฎูู_ูุงุนู : ุงูููู ููุณ ูุงูุฃูุณุ ููุฏ ุฃุตุจุญ ูุชุนูู ุนูููุง ุงูุญุฐุฑ ุฃูุซุฑ ูุงูุชุฃูุฏ ูู ุตุญุฉ ุงูููุงุทุน ุงููุฑุฆูุฉ ูุงููุณููุนุฉ ูุงูุฑุณุงุฆู ุงูุตูุชูู ุงูุบุฑูุจโฆ,False,2023-08-31T03:25:51.000Z,24,0,0,0,0,0,1697088283581218952,positive,cautious,arabic,24.46980861,54.35934472
1697085441860649159,mourad,mourad23872536,1587403786900967430,#DigitalDubai,RT @ibahzad: #ุฎูู_ูุงุนู : ุงูููู ููุณ ูุงูุฃูุณุ ููุฏ ุฃุตุจุญ ูุชุนูู ุนูููุง ุงูุญุฐุฑ ุฃูุซุฑ ูุงูุชุฃูุฏ ูู ุตุญุฉ ุงูููุงุทุน ุงููุฑุฆูุฉ ูุงููุณููุนุฉ ูุงูุฑุณุงุฆู ุงูุตูุชูู ุงูุบุฑูุจโฆ,False,2023-08-31T03:14:34.000Z,24,0,0,0,0,0,1697085441860649159,positive,cautious,arabic,24.38165,54.51671889
1697079709836685393,ูุญูุฏ ุฏุฑููุด ุงูุจููุดู,mmohd870,2417148120,#DigitalDubai,RT @ibahzad: #ุฎูู_ูุงุนู : ุงูููู ููุณ ูุงูุฃูุณุ ููุฏ ุฃุตุจุญ ูุชุนูู ุนูููุง ุงูุญุฐุฑ ุฃูุซุฑ ูุงูุชุฃูุฏ ูู ุตุญุฉ ุงูููุงุทุน ุงููุฑุฆูุฉ ูุงููุณููุนุฉ ูุงูุฑุณุงุฆู ุงูุตูุชูู ุงูุบุฑูุจโฆ,False,2023-08-31T02:51:47.000Z,24,0,0,0,0,0,1697079709836685393,positive,cautious,arabic,24.28580083,54.64073
1697033269395509477,S,shaikhaalmans,3160958599,#DigitalDubai,RT @DigitalDubai: ุงูููู ููุณ ูุงูุฃูุณุ ููุฏ ุงุตุจุญ ุนูููุง ุงูุญุฐุฑ ุฃูุซุฑ ูุงูุชุฃูุฏ ูู ุตุญุฉ ุงูููุงุทุน ุงููุฑุฆูุฉ ูุงููุณููุนุฉ ูุงูุฑุณุงุฆู ุงูุตูุชูุฉ ุงูุบุฑูุจุฉ ูุงููุดุจููุฉ.โฆ,False,2023-08-30T23:47:15.000Z,32,0,0,0,0,0,1697033269395509477,caution,warning,arabic,24.33686278,54.53180556
1697007400245424204,Amer Zafar Durrani,D_AMERZ,2278423467,#DigitalDubai,The entire process took 2 minutes. Nowhere else in the world is border control as efficient and I do travel. Kudos to @DigitalDubai @DubaiExcellence @Emirates_News,False,2023-08-30T22:04:27.000Z,0,0,0,0,0,46,1697007393089974773,positive,appreciative,English,23.66046389,53.72405806
1696997843628650573,ูุถูุฉ ูููู,Obd2Egy,988177937844330497,#DigitalDubai,@DigitalDubai @AlAmeenService @DIALA_ALI https://t.co/Hifa1V9yRf,False,2023-08-30T21:26:29.000Z,0,0,0,0,0,38,1696909628536131934,neutral,informative,English,24.36466694,54.51464833
1696975912602927395,egyptian fighter,newegypt1973,1523355553631776768,#DigitalDubai,RT @ibahzad: #ุฎูู_ูุงุนู : ุงูููู ููุณ ูุงูุฃูุณุ ููุฏ ุฃุตุจุญ ูุชุนูู ุนูููุง ุงูุญุฐุฑ ุฃูุซุฑ ูุงูุชุฃูุฏ ูู ุตุญุฉ ุงูููุงุทุน ุงููุฑุฆูุฉ ูุงููุณููุนุฉ ูุงูุฑุณุงุฆู ุงูุตูุชูู ุงูุบุฑูุจโฆ,False,2023-08-30T19:59:20.000Z,24,0,0,0,0,0,1696975912602927395,positive,cautious,arabic,24.29603444,54.63955028
1696973787302932813,Dr.ihab ali,Dr_ihabali,1591401792776060929,#DigitalDubai,RT @ibahzad: #ุฎูู_ูุงุนู : ุงูููู ููุณ ูุงูุฃูุณุ ููุฏ ุฃุตุจุญ ูุชุนูู ุนูููุง ุงูุญุฐุฑ ุฃูุซุฑ ูุงูุชุฃูุฏ ูู ุตุญุฉ ุงูููุงุทุน ุงููุฑุฆูุฉ ูุงููุณููุนุฉ ูุงูุฑุณุงุฆู ุงูุตูุชูู ุงูุบุฑูุจโฆ,False,2023-08-30T19:50:53.000Z,24,0,0,0,0,0,1696973787302932813,positive,cautious,arabic,24.34173083,54.50062194
1696972739792249051,Anas,Anas_Al_Sheikh,249150103,#DigitalDubai,RT @DigitalDubai: ุงูููู ููุณ ูุงูุฃูุณุ ููุฏ ุงุตุจุญ ุนูููุง ุงูุญุฐุฑ ุฃูุซุฑ ูุงูุชุฃูุฏ ูู ุตุญุฉ ุงูููุงุทุน ุงููุฑุฆูุฉ ูุงููุณููุนุฉ ูุงูุฑุณุงุฆู ุงูุตูุชูุฉ ุงูุบุฑูุจุฉ ูุงููุดุจููุฉ.โฆ,False,2023-08-30T19:46:44.000Z,32,0,0,0,0,0,1696972739792249051,caution,informative,arabic,24.42747944,54.42991361
1696958499194875916,ูุขุทูุฉ,F92H1,1032256720557551616,#DigitalDubai,RT @DigitalDubai: ุงูููู ููุณ ูุงูุฃูุณุ ููุฏ ุงุตุจุญ ุนูููุง ุงูุญุฐุฑ ุฃูุซุฑ ูุงูุชุฃูุฏ ูู ุตุญุฉ ุงูููุงุทุน ุงููุฑุฆูุฉ ูุงููุณููุนุฉ ูุงูุฑุณุงุฆู ุงูุตูุชูุฉ ุงูุบุฑูุจุฉ ูุงููุดุจููุฉ.โฆ,False,2023-08-30T18:50:08.000Z,32,0,0,0,0,0,1696958499194875916,caution,informative,arabic,24.35688278,54.51310306
1696944984224665938,ุนุงุจุฑ ุณุจูู,Najib853627862,1483523162721906688,#DigitalDubai,RT @AlAmeenService: ุงูููู ููุณ ูุงูุฃูุณุ ููุฏ ุฃุตุจุญ ูุชุนูู ุนูููุง ุงูุญุฐุฑ ุฃูุซุฑ ูุงูุชุฃูุฏ ูู ุตุญุฉ ุงูููุงุทุน ุงููุฑุฆูุฉ ูุงููุณููุนุฉ ูุงูุฑุณุงุฆู ุงูุตูุชูู ุงูุบุฑูุจุฉ ูุงูโฆ,False,2023-08-30T17:56:26.000Z,9,0,0,0,0,0,1696944984224665938,caution,neutral,arabic,24.3465625,54.46666917
1696941028291281008,Ahmed,marhaba22,1022532978,#DigitalDubai,RT @AlBayanNews: ุงูููู ููุณ ูุงูุฃูุณุ ููุฏ ุฃุตุจุญ ูุชุนูู ุนูููุง ุงูุญุฐุฑ ุฃูุซุฑ ูุงูุชุฃูุฏ ูู ุตุญุฉ ุงูููุงุทุน ุงููุฑุฆูุฉ ูุงููุณููุนุฉ ูุงูุฑุณุงุฆู ุงูุตูุชูู ุงูุบุฑูุจุฉ ูุงููุดุจโฆ,False,2023-08-30T17:40:43.000Z,4,0,0,0,0,0,1696941028291281008,positive,cautious,arabic,24.42020778,54.46405917
1696940372247613493,JalalNoir,JalalNoir,1343152922,#DigitalDubai,RT @AlBayanNews: ุงูููู ููุณ ูุงูุฃูุณุ ููุฏ ุฃุตุจุญ ูุชุนูู ุนูููุง ุงูุญุฐุฑ ุฃูุซุฑ ูุงูุชุฃูุฏ ูู ุตุญุฉ ุงูููุงุทุน ุงููุฑุฆูุฉ ูุงููุณููุนุฉ ูุงูุฑุณุงุฆู ุงูุตูุชูู ุงูุบุฑูุจุฉ ูุงููุดุจโฆ,False,2023-08-30T17:38:07.000Z,4,0,0,0,0,0,1696940372247613493,positive,cautious,arabic,24.34241278,54.53223444
1696939942071423277,โฆ,_MahaAlsh,1455273978604531720,#DigitalDubai,"#ููู_ุชุนุฑู โฌ๏ธ

ุงูููู ููุณ ูุงูุฃูุณุ ููุฏ ุฃุตุจุญ ูุชุนูู ุนูููุง ุงูุญุฐุฑ ุฃูุซุฑ ูุงูุชุฃูุฏ ูู ุตุญุฉ ุงูููุงุทุน ุงููุฑุฆูุฉ ูุงููุณููุนุฉ ูุงูุฑุณุงุฆู ุงูุตูุชูู ุงูุบุฑูุจุฉ ูุงููุดุจููุฉ .. ุฃุชุนุฑู ููุงุฐุงุ ุดุงูุฏ ุงูููุฏูู ๐น

@DigitalDubai 

#ุฎุฏูุฉ_ุงูุฃููู
#ุฎูู_ูุงุนู
#ุฏุจู_ุงูุฑููู https://t.co/rhBV1J0rIA",False,2023-08-30T17:36:24.000Z,0,0,0,0,0,41,1696939942071423277,positive,informative,arabic,24.47118472,54.34588806
1696938786599436744,โฆ,_MahaAlsh,1455273978604531720,#DigitalDubai,@AlAmeenService @DigitalDubai ุจุณู ุงููู ุงูุฑุญูู ุงูุฑุญูู ุดููู ูุฌุฃุฉ ุชุบูุฑ ุตูุชูุง ูุดูููุง  ูุงุจู ุฐูุงุก ุงุตุทูุงุนู ๐ฉ,False,2023-08-30T17:31:48.000Z,0,0,0,0,0,45,1696903284307472821,negative,frustrated,arabic,24.4722175,54.32463056
1696937630686978143,โฆ,_MahaAlsh,1455273978604531720,#DigitalDubai,RT @AlAmeenService: ุงูููู ููุณ ูุงูุฃูุณุ ููุฏ ุฃุตุจุญ ูุชุนูู ุนูููุง ุงูุญุฐุฑ ุฃูุซุฑ ูุงูุชุฃูุฏ ูู ุตุญุฉ ุงูููุงุทุน ุงููุฑุฆูุฉ ูุงููุณููุนุฉ ูุงูุฑุณุงุฆู ุงูุตูุชูู ุงูุบุฑูุจุฉ ูุงูโฆ,False,2023-08-30T17:27:13.000Z,9,0,0,0,0,0,1696937630686978143,caution,neutral,arabic,24.35455528,54.51909556
1696936375948398766,ุฏ.ุฃุญูุฏ ุงูุดุญู,dr5as,1318826922760146944,#DigitalDubai,RT @ibahzad: #ุฎูู_ูุงุนู : ุงูููู ููุณ ูุงูุฃูุณุ ููุฏ ุฃุตุจุญ ูุชุนูู ุนูููุง ุงูุญุฐุฑ ุฃูุซุฑ ูุงูุชุฃูุฏ ูู ุตุญุฉ ุงูููุงุทุน ุงููุฑุฆูุฉ ูุงููุณููุนุฉ ูุงูุฑุณุงุฆู ุงูุตูุชูู ุงูุบุฑูุจโฆ,False,2023-08-30T17:22:14.000Z,24,0,0,0,0,0,1696936375948398766,positive,cautious,arabic,24.17492972,54.88482861
1696935704482152724,AIA,mosarty,263817869,#DigitalDubai,@DigitalDubai @AlAmeenService @DIALA_ALI ุงูููุถูุน ุตุงุฑ ูุฎูู ุงููุงุญุฏ. ุตุงุฑ ูุงูุซู ุจุฃุญุฏ ูุงุจุตูุช ููุง ุตูุฑุฉ ููุงููุฏูู ุญุชู ูู ุจุซ ูุจุงุดุฑ,False,2023-08-30T17:19:34.000Z,0,0,0,0,0,95,1696909628536131934,fear,distrust,arabic,24.38076778,54.51313944
1696935252436848654,AIA,mosarty,263817869,#DigitalDubai,RT @DigitalDubai: ุงูููู ููุณ ูุงูุฃูุณุ ููุฏ ุงุตุจุญ ุนูููุง ุงูุญุฐุฑ ุฃูุซุฑ ูุงูุชุฃูุฏ ูู ุตุญุฉ ุงูููุงุทุน ุงููุฑุฆูุฉ ูุงููุณููุนุฉ ูุงูุฑุณุงุฆู ุงูุตูุชูุฉ ุงูุบุฑูุจุฉ ูุงููุดุจููุฉ.โฆ,False,2023-08-30T17:17:46.000Z,32,0,0,0,0,0,1696935252436848654,caution,informative,arabic,24.35834444,54.56734778
1696920539820966249,Faisal AlQasim,alqsim_f,1138934660984188929,#DigitalDubai,"ุงูููู ููุณ ูุงูุฃูุณุ ุฃุตุจุญ ุนูููุง ุงูุญุฐุฑ ุฃูุซุฑ ูุงูุชุฃูุฏ ูู ุตุญุฉ ุงูููุงุทุน ุงููุฑุฆูุฉ ูุงููุณููุนุฉ ูุงูุฑุณุงุฆู ุงูุตูุชูุฉ ุงูุบุฑูุจุฉ ูุงููุดุจููุฉ.
 ููู ุชุนุฑู ูุงูุณุจุจุ ุดุงูุฏ ุงูููุฏูู.
ุดูุฑูุง @DigitalDubai 
#ุฎูู_ูุงุนู https://t.co/E7hf5B1dXu",False,2023-08-30T16:19:18.000Z,1,0,2,0,0,388,1696920539820966249,positive,cautious,arabic,24.08764972,51.76558722
1696918408015585758,Mohamed ali,Mohamed29446432,1692233493017714688,#DigitalDubai,"@ibahzad @M___R1212 @AlAmeenService @DigitalDubai ุงูุณูุงู ุนูููู 
ุงุบุงุซููู ุงูุง ูุงููู ุทูุจ ุงููุณุงุนุฏุฉ ุถุฑูุฑู ุงุฑุฌูู ุงุชูุณู ุงููู ุนูุดุงู ุฎุงุทุฑ ุฑุจูุง ุงููู ุจูุญุจ ุณูู ุงูุดูุฎ ูุญูุฏ ุจู ุฒุงูุฏ ุงู ูููุงู ููู ุฌูุจู ุธุฑููู ุตุนุจุฉ ุฌุฏุง 00201091762644",False,2023-08-30T16:10:50.000Z,0,0,0,0,0,6,1696910426548621479,negative,pleading,arabic,24.566925,54.68915139
1696917033571549404,Khalid1976๐ฆ๐ช,altuaeneu1976k,1584469988290842629,#DigitalDubai,RT @ibahzad: #ุฎูู_ูุงุนู : ุงูููู ููุณ ูุงูุฃูุณุ ููุฏ ุฃุตุจุญ ูุชุนูู ุนูููุง ุงูุญุฐุฑ ุฃูุซุฑ ูุงูุชุฃูุฏ ูู ุตุญุฉ ุงูููุงุทุน ุงููุฑุฆูุฉ ูุงููุณููุนุฉ ูุงูุฑุณุงุฆู ุงูุตูุชูู ุงูุบุฑูุจโฆ,False,2023-08-30T16:05:22.000Z,24,0,0,0,0,0,1696917033571549404,positive,cautious,arabic,24.49670306,54.37765139
1696916859830894779,ุฏูุงูุง ุนูู ๐๏ธ,DIALA_ALI,148626042,#DigitalDubai,RT @DigitalDubai: ุงูููู ููุณ ูุงูุฃูุณุ ููุฏ ุงุตุจุญ ุนูููุง ุงูุญุฐุฑ ุฃูุซุฑ ูุงูุชุฃูุฏ ูู ุตุญุฉ ุงูููุงุทุน ุงููุฑุฆูุฉ ูุงููุณููุนุฉ ูุงูุฑุณุงุฆู ุงูุตูุชูุฉ ุงูุบุฑูุจุฉ ูุงููุดุจููุฉ.โฆ,False,2023-08-30T16:04:41.000Z,32,0,0,0,0,0,1696916859830894779,caution,informative,arabic,24.38131806,54.51222083
1696915361080197212,Captain Barshomy Acc.(No3)Samir๐ณ๐ช๐ฌ๐๐โ๐โญโคโ๐ท,CaptainBarshomy,754359637948923904,#DigitalDubai,RT @ibahzad: #ุฎูู_ูุงุนู : ุงูููู ููุณ ูุงูุฃูุณุ ููุฏ ุฃุตุจุญ ูุชุนูู ุนูููุง ุงูุญุฐุฑ ุฃูุซุฑ ูุงูุชุฃูุฏ ูู ุตุญุฉ ุงูููุงุทุน ุงููุฑุฆูุฉ ูุงููุณููุนุฉ ูุงูุฑุณุงุฆู ุงูุตูุชูู ุงูุบุฑูุจโฆ,False,2023-08-30T15:58:43.000Z,24,0,0,0,0,0,1696915361080197212,positive,cautious,arabic,24.36734389,54.49103639
1696914377918558336,ุทูุงู ุงููููุชู,uae_talal,347684582,#DigitalDubai,RT @ibahzad: #ุฎูู_ูุงุนู : ุงูููู ููุณ ูุงูุฃูุณุ ููุฏ ุฃุตุจุญ ูุชุนูู ุนูููุง ุงูุญุฐุฑ ุฃูุซุฑ ูุงูุชุฃูุฏ ูู ุตุญุฉ ุงูููุงุทุน ุงููุฑุฆูุฉ ูุงููุณููุนุฉ ูุงูุฑุณุงุฆู ุงูุตูุชูู ุงูุบุฑูุจโฆ,False,2023-08-30T15:54:49.000Z,24,0,0,0,0,0,1696914377918558336,positive,cautious,arabic,24.37237028,54.51385472
1696913699296948582,ุฑููุนูู โ,gblt3rbha,721050057886314496,#DigitalDubai,RT @ibahzad: #ุฎูู_ูุงุนู : ุงูููู ููุณ ูุงูุฃูุณุ ููุฏ ุฃุตุจุญ ูุชุนูู ุนูููุง ุงูุญุฐุฑ ุฃูุซุฑ ูุงูุชุฃูุฏ ูู ุตุญุฉ ุงูููุงุทุน ุงููุฑุฆูุฉ ูุงููุณููุนุฉ ูุงูุฑุณุงุฆู ุงูุตูุชูู ุงูุบุฑูุจโฆ,False,2023-08-30T15:52:07.000Z,24,0,0,0,0,0,1696913699296948582,positive,cautious,arabic,24.37076056,54.64999639
1696913269259116594,Asmaa mohamed Ali,asmaamohamed313,3700192701,#DigitalDubai,@ibahzad @AlAmeenService @DigitalDubai ุงููู ูุฌูุฑูุง ูู ุงูุฃุนุธู,False,2023-08-30T15:50:25.000Z,0,0,0,0,0,48,1696910426548621479,negative,neutral,arabic,24.50176611,54.37679833
1696912536933695881,Atefabhar,Atefabhar1,736857675754053632,#DigitalDubai,RT @ibahzad: #ุฎูู_ูุงุนู : ุงูููู ููุณ ูุงูุฃูุณุ ููุฏ ุฃุตุจุญ ูุชุนูู ุนูููุง ุงูุญุฐุฑ ุฃูุซุฑ ูุงูุชุฃูุฏ ูู ุตุญุฉ ุงูููุงุทุน ุงููุฑุฆูุฉ ูุงููุณููุนุฉ ูุงูุฑุณุงุฆู ุงูุตูุชูู ุงูุบุฑูุจโฆ,False,2023-08-30T15:47:30.000Z,24,0,0,0,0,0,1696912536933695881,positive,cautious,arabic,24.37663306,54.71835389
1696912229336002566,Hosam,Hosam18214925,4192563929,#DigitalDubai,RT @ibahzad: #ุฎูู_ูุงุนู : ุงูููู ููุณ ูุงูุฃูุณุ ููุฏ ุฃุตุจุญ ูุชุนูู ุนูููุง ุงูุญุฐุฑ ุฃูุซุฑ ูุงูุชุฃูุฏ ูู ุตุญุฉ ุงูููุงุทุน ุงููุฑุฆูุฉ ูุงููุณููุนุฉ ูุงูุฑุณุงุฆู ุงูุตูุชูู ุงูุบุฑูุจโฆ,False,2023-08-30T15:46:17.000Z,24,0,0,0,0,0,1696912229336002566,positive,cautious,arabic,24.28757028,54.64534417
1696912098830213438,ุนุงุฏู ุณูู ุงููุทู,Adel1636,311804069,#DigitalDubai,RT @ibahzad: #ุฎูู_ูุงุนู : ุงูููู ููุณ ูุงูุฃูุณุ ููุฏ ุฃุตุจุญ ูุชุนูู ุนูููุง ุงูุญุฐุฑ ุฃูุซุฑ ูุงูุชุฃูุฏ ูู ุตุญุฉ ุงูููุงุทุน ุงููุฑุฆูุฉ ูุงููุณููุนุฉ ูุงูุฑุณุงุฆู ุงูุตูุชูู ุงูุบุฑูุจโฆ,False,2023-08-30T15:45:46.000Z,24,0,0,0,0,0,1696912098830213438,positive,cautious,arabic,24.47458139,54.3828575
1697522601873093031,Faza3,hamdanfaza771,1697488205635829760,Digital Dubai,"we launched the Dubai Digital Cloud project, the latest in a series of initiatives aimed at reinforcing Dubaiโs status as a digital economy capital and further strengthening its digital infrastructure. I also attended the signing of partnership agreements between Digital Dubai, https://t.co/IRNzIlTEaK",False,2023-09-01T08:11:41.000Z,0,0,0,0,0,2,1697522601873093031,positive,informative,English,24.37545861,54.50360583
1697522723449143722,Faza3,hamdanfaza771,1697488205635829760,#ุฏุจู_ุงูุฑูููุฉ,"@HamdanMohammed ูุดุฑูุน ""ุณุญุจ ุฏุจู ุงูุฑูููุฉ"" ุจูุฏู ุชูููุฑ ุฎุฏูุงุช ูุญููู ุชูููุฉ ุฑุงุฆุฏุฉุ ููุง ุดูุฏุช ุชูููุน ุงุชูุงููุชู ุดุฑุงูุฉ ุจูู ููุฆุฉ ุฏุจู ุงูุฑูููุฉ ููู ูู ""ููุฑู"" ู""ูุงููุฑูุณููุช"" ุถูู ูุดุงุฑูุน ุงูุดุฑุงูุฉ ุจูู ุงููุทุงุน ุงูุนุงู ูุงูุฎุงุต ... ูุฏููุง ุชุฑุณูุฎ ููุงูุฉ ุฏุจู ุนุงุตูุฉ ููุงูุชุตุงุฏ ุงูุฑููู ูุจูุง ูุชูุงุดู ูุน ูุณุชูุฏูุงุช ุฃุฌูุฏุฉ ุฏุจู",False,2023-09-01T08:12:10.000Z,0,0,0,0,0,1,1697522723449143722,positive,informative,arabic,24.46672444,54.33196139
1696467776062321116,SmartCitiesWorld,SmartCitiesW,4823816207,Digital Dubai,Digital Dubai launches private sector #cybersecurity programme. It allows the Dubai Electronic Security Centre to accredit those delivering services to Dubai government entities and critical information infrastructure. #CII #Data @DigitalDubai https://t.co/zY8ook11SB,False,2023-08-29T10:20:11.000Z,0,0,0,0,0,126,1696467776062321116,positive,informative,English,24.47580806,54.38183806
1696034068817678840,RMM Digital Marketing,DigitalRmm,1650870530160099329,Digital Dubai,"""Where Creativity Meets Analytics: Sculpting Success in Digital Marketing.""
#Agency #DigitalMarketing #UAE #DigitalAgencyDubai #DigitalMarketingDubai #Digital #Dubai #Expertise #MaximumResult #Experience
#Reviews #Feedback #PowerfulTool #Trust #BrandReputation #CustomerEngagement https://t.co/0tPJGriaxR",False,2023-08-28T05:36:47.000Z,0,0,0,0,0,12,1696034068817678840,positive,informative,English,24.46106556,54.35402806
1695319894697333058,RMM Digital Marketing,DigitalRmm,1650870530160099329,Digital Dubai,"""The Digital Playground: Where Brands Come to Play and Audiences Stay to Engage ๐ฎ๐""
#Agency #DigitalMarketing #UAE #DigitalAgencyDubai #DigitalMarketingDubai #Digital #Dubai #Expertise #MaximumResult #Experience #Feedback #PowerfulTool #BrandReputation #CustomerEngagement https://t.co/HPOS5OqwER",False,2023-08-26T06:18:55.000Z,0,0,1,0,0,398,1695319894697333058,positive,informative,English,24.52348333,54.37367417
1695357388923060280,MR.Media,MrMediauae,1514533481522552841,Digital Dubai,"ุงูุนูุงูุฉ ุงูุชุฌุงุฑูุฉ ูู ูุงุฌูุชู ูุฃุณุงุณ ุฃุนูุงูู๐ุงุฎุชูุฑ ูู ูููุฐูุง ูู ุจุฏูุฉ ูุงูุชูุงู.. mr media ุชูุนู ุฐูู ุจุงุญุชุฑุงููุฉ ุนุงููุฉ

#Mr_Media_uae
#marketingdigital #marketing #socialmediamarketingmanager #socialmediamarketing #socialmedia #digitalart #digital #dubai #uae #App #uae๐ฆ๐ช https://t.co/QgtGVo2opy",False,2023-08-26T08:47:54.000Z,0,0,0,0,0,8,1695357388923060280,positive,informative,arabic,24.35633472,54.49260528
1697432704340406481,sheikh hamdan mohammed,sheikh_ham57623,1697421495931174912,#ุฏุจู_ุงูุฑูููุฉ,RT @HamdanMohammed: ุฃุทูููุง ุงูููู ุงุณุชุฑุงุชูุฌูุฉ ุฏุจู ุงูุฑูููุฉ ูุญุฒูุฉ ูุดุงุฑูุน ุฌุฏูุฏุฉ ุชุฏุนู ูุณูุฑุฉ ุงูุชุญููู ููุฅูุงุฑุฉ  ููุฏุดู ูุฑุญูุฉ ุฌุฏูุฏุฉ ุจูุฏู ูุงุถุญ ูุชููู ุฏุจโฆ,False,2023-09-01T02:14:28.000Z,260,0,0,0,0,0,1697432704340406481,positive,informative,arabic,24.19119639,54.83426861
1697432153728966872,sheikh hamdan mohammed,sheikh_ham57623,1697421495931174912,#ุฏุจู_ุงูุฑูููุฉ,"RT @HamdanMohammed: ูุฅุญุฏุงุซ ูููุฉ ููุนูุฉ ูู ุจููุฉ ุฏุจู ุงูุฑูููุฉ  ุฃุทูููุง ูุดุฑูุน ""ุณุญุจ ุฏุจู ุงูุฑูููุฉ"" ุจูุฏู ุชูููุฑ ุฎุฏูุงุช ูุญููู ุชูููุฉ ุฑุงุฆุฏุฉุ ููุง ุดูุฏุช ุชูููโฆ",False,2023-09-01T02:12:16.000Z,232,0,0,0,0,0,1697432153728966872,positive,informative,arabic,24.32135861,54.62997139
1697203778603143268,mody,MoyedMod,1118163506,#ุฏุจู_ุงูุฑูููุฉ,RT @emaratalyoum: ุงูููู ููุณ ูุงูุฃูุณุ ููุฏ ุฃุตุจุญ ูุชุนูู ุนูููุง ุงูุญุฐุฑ ุฃูุซุฑ ูุงูุชุฃูุฏ ูู ุตุญุฉ ุงูููุงุทุน ุงููุฑุฆูุฉ ูุงููุณููุนุฉ ูุงูุฑุณุงุฆู ุงูุตูุชูู ุงูุบุฑูุจุฉ ูุงููุดโฆ,False,2023-08-31T11:04:47.000Z,7,0,0,0,0,0,1697203778603143268,positive,cautious,arabic,23.65501056,53.72362472
1697142116294467602,ุดุจูุฉ ุงูุงูุงุฑุงุช ุงูุงุฎุจุงุฑูุฉ ๐ฆ๐ช,UAE_Network,353757524,#ุฏุจู_ุงูุฑูููุฉ,"ุจูุบ ุนุฏุฏ ูุนุงููุงุช ุชุทุจูู "" #ุฏุจู ุงูุขู"" ููุฐ ุฅุทูุงูู ุญุชู ุงูุขู ุจูุบ ุฃูุซุฑ ูู 23 ููููู ูุนุงููุฉ ูููุง 2.6 ููููู ูุนุงููุฉ ุฎูุงู ุงููุตู ุงูุฃูู ูู ุงูุนุงู ุงูุฌุงุฑู ูุจูุบ ุนุฏุฏ ุงููุณุชุฎุฏููู 1.1 ููููู ูุชุนุงูู ุจูููู 100 ุฃูู ูุชุนุงูู ุฎูุงู ุงูุนุงู 2023 - ุฏุจู ุงูุฑูููุฉ #ุดุจูุฉ_ุงูุงูุงุฑุงุช_ุงูุงุฎุจุงุฑูุฉ ๐ฆ๐ช",False,2023-08-31T06:59:46.000Z,0,1,0,0,0,842,1697142116294467602,positive,informative,arabic,24.46980861,54.36075194
1697120414827159906,ุดุจูุฉ ุงูุงูุงุฑุงุช ุงูุงุฎุจุงุฑูุฉ ๐ฆ๐ช,UAE_Network,353757524,#ุฏุจู_ุงูุฑูููุฉ,"ุงูููู ููุณ ูุงูุฃูุณ .. ููุฏ ุฃุตุจุญ ูุชุนูู ุนูููุง ุงูุญุฐุฑ ุฃูุซุฑ ูุงูุชุฃูุฏ ูู ุตุญุฉ ุงูููุงุทุน ุงููุฑุฆูุฉ ูุงููุณููุนุฉ ูุงูุฑุณุงุฆู ุงูุตูุชูู ุงูุบุฑูุจุฉ ูุงููุดุจููุฉ .. ุฃุชุนุฑู ููุงุฐุง ุ ุดุงูุฏ ุงูููุฏูู ๐น
#ุฎูู_ูุงุนู
#ุฏุจู_ุงูุฑูููุฉ #ุดุจูุฉ_ุงูุงูุงุฑุงุช_ุงูุงุฎุจุงุฑูุฉ ๐ฆ๐ช https://t.co/Eg72DjvYzy",False,2023-08-31T05:33:32.000Z,1,1,1,0,0,736,1697120414827159906,positive,cautious,arabic,23.66363222,47.73322333
1697129277567701066,:ยจยท.ยทยจ:,roselloll,1047625368809742336,#ุฏุจู_ุงูุฑูููุฉ,RT @3liAlra: ูู ุฎุถู ุชุทูุฑ ุงูุฐูุงุก ุงูุงุตุทูุงุนู ุงููุชุณุงุฑุน ุฌุฏุงู ูุฏุฑุฌุฉ ุงู ุขุฎุฑ ูู ุดูุฑ ุตุงุญุจูุง ุชุทูุฑ ูู ูุฐุง ุงููุฌุงู ูู ุชุดูุฏู ุงูุจุดุฑูุฉ ููุฐ ูุดุฃุชูุง ูุฌุนู ุงููุฎโฆ,False,2023-08-31T06:08:45.000Z,10,0,0,0,0,0,1697129277567701066,positive,informative,arabic,24.36904,54.50335972
1697121677706965257,ฺชูุญูููููุขูู,Kehilaanblushi,902056094415147008,#ุฏุจู_ุงูุฑูููุฉ,RT @UAE_Network: ุงูููู ููุณ ูุงูุฃูุณ .. ููุฏ ุฃุตุจุญ ูุชุนูู ุนูููุง ุงูุญุฐุฑ ุฃูุซุฑ ูุงูุชุฃูุฏ ูู ุตุญุฉ ุงูููุงุทุน ุงููุฑุฆูุฉ ูุงููุณููุนุฉ ูุงูุฑุณุงุฆู ุงูุตูุชูู ุงูุบุฑูุจุฉ ูุงููโฆ,False,2023-08-31T05:38:33.000Z,1,0,0,0,0,0,1697121677706965257,positive,cautious,arabic,24.33959833,54.52538028
1696996242478305499,stocksandbeyond,stockandbeyond,1000116475808681986,#ุฏุจู_ุงูุฑูููุฉ,RT @3liAlra: ูู ุฎุถู ุชุทูุฑ ุงูุฐูุงุก ุงูุงุตุทูุงุนู ุงููุชุณุงุฑุน ุฌุฏุงู ูุฏุฑุฌุฉ ุงู ุขุฎุฑ ูู ุดูุฑ ุตุงุญุจูุง ุชุทูุฑ ูู ูุฐุง ุงููุฌุงู ูู ุชุดูุฏู ุงูุจุดุฑูุฉ ููุฐ ูุดุฃุชูุง ูุฌุนู ุงููุฎโฆ,False,2023-08-30T21:20:07.000Z,10,0,0,0,0,0,1696996242478305499,positive,informative,arabic,24.28864889,54.577085
1696995010615627961,Muna ๐ฆ๐ช,Dr_Desires,53957448,#ุฏุจู_ุงูุฑูููุฉ,RT @3liAlra: ูู ุฎุถู ุชุทูุฑ ุงูุฐูุงุก ุงูุงุตุทูุงุนู ุงููุชุณุงุฑุน ุฌุฏุงู ูุฏุฑุฌุฉ ุงู ุขุฎุฑ ูู ุดูุฑ ุตุงุญุจูุง ุชุทูุฑ ูู ูุฐุง ุงููุฌุงู ูู ุชุดูุฏู ุงูุจุดุฑูุฉ ููุฐ ูุดุฃุชูุง ูุฌุนู ุงููุฎโฆ,False,2023-08-30T21:15:13.000Z,10,0,0,0,0,0,1696995010615627961,positive,informative,arabic,24.37819639,54.51137444
1696981578939879803,ุจู ุฃุณุญุงู๐ฆ๐ช,mruae6,477197337,#ุฏุจู_ุงูุฑูููุฉ,RT @3liAlra: ูู ุฎุถู ุชุทูุฑ ุงูุฐูุงุก ุงูุงุตุทูุงุนู ุงููุชุณุงุฑุน ุฌุฏุงู ูุฏุฑุฌุฉ ุงู ุขุฎุฑ ูู ุดูุฑ ุตุงุญุจูุง ุชุทูุฑ ูู ูุฐุง ุงููุฌุงู ูู ุชุดูุฏู ุงูุจุดุฑูุฉ ููุฐ ูุดุฃุชูุง ูุฌุนู ุงููุฎโฆ,False,2023-08-30T20:21:51.000Z,10,0,0,0,0,0,1696981578939879803,positive,informative,arabic,24.43549361,54.41169556
1696975015650996683,ุงูููุจุงูู@UAEโค๐ฆ๐ช,abudhabisoul999,1953774541,#ุฏุจู_ุงูุฑูููุฉ,RT @3liAlra: ูู ุฎุถู ุชุทูุฑ ุงูุฐูุงุก ุงูุงุตุทูุงุนู ุงููุชุณุงุฑุน ุฌุฏุงู ูุฏุฑุฌุฉ ุงู ุขุฎุฑ ูู ุดูุฑ ุตุงุญุจูุง ุชุทูุฑ ูู ูุฐุง ุงููุฌุงู ูู ุชุดูุฏู ุงูุจุดุฑูุฉ ููุฐ ูุดุฃุชูุง ูุฌุนู ุงููุฎโฆ,False,2023-08-30T19:55:46.000Z,10,0,0,0,0,0,1696975015650996683,positive,informative,arabic,24.29972306,54.62563278
1696944527506886815,H,hnowyAS,1655250104851345408,#ุฏุจู_ุงูุฑูููุฉ,RT @3liAlra: ูู ุฎุถู ุชุทูุฑ ุงูุฐูุงุก ุงูุงุตุทูุงุนู ุงููุชุณุงุฑุน ุฌุฏุงู ูุฏุฑุฌุฉ ุงู ุขุฎุฑ ูู ุดูุฑ ุตุงุญุจูุง ุชุทูุฑ ูู ูุฐุง ุงููุฌุงู ูู ุชุดูุฏู ุงูุจุดุฑูุฉ ููุฐ ูุดุฃุชูุง ูุฌุนู ุงููุฎโฆ,False,2023-08-30T17:54:37.000Z,10,0,0,0,0,0,1696944527506886815,positive,informative,arabic,24.35992583,54.51297194
1696943823149040071,ุณูู ูุญูุฏ ุจู ุตููุงู,Saif_Bin_Safwan,636763970,#ุฏุจู_ุงูุฑูููุฉ,RT @emaratalyoum: ุงูููู ููุณ ูุงูุฃูุณุ ููุฏ ุฃุตุจุญ ูุชุนูู ุนูููุง ุงูุญุฐุฑ ุฃูุซุฑ ูุงูุชุฃูุฏ ูู ุตุญุฉ ุงูููุงุทุน ุงููุฑุฆูุฉ ูุงููุณููุนุฉ ูุงูุฑุณุงุฆู ุงูุตูุชูู ุงูุบุฑูุจุฉ ูุงููุดโฆ,False,2023-08-30T17:51:49.000Z,7,0,0,0,0,0,1696943823149040071,positive,cautious,arabic,24.59124083,54.69181806
1696942779312521324,ุนุจุฏุงูุฑุญูู ุญุณู ุงูุณููุฏ๐ฆ๐ช,7mAnO_,241950073,#ุฏุจู_ุงูุฑูููุฉ,RT @3liAlra: ูู ุฎุถู ุชุทูุฑ ุงูุฐูุงุก ุงูุงุตุทูุงุนู ุงููุชุณุงุฑุน ุฌุฏุงู ูุฏุฑุฌุฉ ุงู ุขุฎุฑ ูู ุดูุฑ ุตุงุญุจูุง ุชุทูุฑ ูู ูุฐุง ุงููุฌุงู ูู ุชุดูุฏู ุงูุจุดุฑูุฉ ููุฐ ูุดุฃุชูุง ูุฌุนู ุงููุฎโฆ,False,2023-08-30T17:47:40.000Z,10,0,0,0,0,0,1696942779312521324,positive,informative,arabic,24.28120917,54.60446028
1696942749939888263,ุฃูุญููููููููุฏู,ReaderAhmed,984190150434590722,#ุฏุจู_ุงูุฑูููุฉ,RT @algentleuae: ุงูููู ููุณ ูุงูุฃูุณุ ููุฏ ุฃุตุจุญ ูุชุนูู ุนูููุง ุงูุญุฐุฑ ุฃูุซุฑ ูุงูุชุฃูุฏ ูู ุตุญุฉ ุงูููุงุทุน ุงููุฑุฆูุฉ ูุงููุณููุนุฉ ูุงูุฑุณุงุฆู ุงูุตูุชูู ุงูุบุฑูุจุฉ ูุงููุดุจโฆ,False,2023-08-30T17:47:33.000Z,4,0,0,0,0,0,1696942749939888263,negative,cautious,arabic,24.43402806,54.43932167
1696941719701565485,ูุญูุฏ ุฑุงุดุฏ ุงูุจููุดู,M_R_ALBLOOSHI,1589034011795521536,#ุฏุจู_ุงูุฑูููุฉ,RT @algentleuae: ุงูููู ููุณ ูุงูุฃูุณุ ููุฏ ุฃุตุจุญ ูุชุนูู ุนูููุง ุงูุญุฐุฑ ุฃูุซุฑ ูุงูุชุฃูุฏ ูู ุตุญุฉ ุงูููุงุทุน ุงููุฑุฆูุฉ ูุงููุณููุนุฉ ูุงูุฑุณุงุฆู ุงูุตูุชูู ุงูุบุฑูุจุฉ ูุงููุดุจโฆ,False,2023-08-30T17:43:28.000Z,4,0,0,0,0,0,1696941719701565485,caution,warning,arabic,24.35281278,54.495625
1696937372724662567,Abdullah ๐ฆ๐ช๐ฆ๐ชโค๏ธ๐ฆ๐ช๐ฆ๐ช,Abdullaslamry32,843485192518098945,#ุฏุจู_ุงูุฑูููุฉ,RT @algentleuae: ุงูููู ููุณ ูุงูุฃูุณุ ููุฏ ุฃุตุจุญ ูุชุนูู ุนูููุง ุงูุญุฐุฑ ุฃูุซุฑ ูุงูุชุฃูุฏ ูู ุตุญุฉ ุงูููุงุทุน ุงููุฑุฆูุฉ ูุงููุณููุนุฉ ูุงูุฑุณุงุฆู ุงูุตูุชูู ุงูุบุฑูุจุฉ ูุงููุดุจโฆ,False,2023-08-30T17:26:11.000Z,4,0,0,0,0,0,1696937372724662567,negative,cautious,arabic,24.51604444,54.37658528
1696934078522564632,ุดุจูุฉ ุฌูุชู ุงูุฅูุงุฑุงุช ุงูุฅุฎุจุงุฑูุฉ,algentleuae,914818311766134784,#ุฏุจู_ุงูุฑูููุฉ,"ุงูููู ููุณ ูุงูุฃูุณุ ููุฏ ุฃุตุจุญ ูุชุนูู ุนูููุง ุงูุญุฐุฑ ุฃูุซุฑ ูุงูุชุฃูุฏ ูู ุตุญุฉ ุงูููุงุทุน ุงููุฑุฆูุฉ ูุงููุณููุนุฉ ูุงูุฑุณุงุฆู ุงูุตูุชูู ุงูุบุฑูุจุฉ ูุงููุดุจููุฉ .. ุฃุชุนุฑู ููุงุฐุงุ ุดุงูุฏ ุงูููุฏูู ๐น
#ุฎูู_ูุงุนู
#ุฏุจู_ุงูุฑูููุฉ

We all live in a different world today. Be careful and always ensure the authenticity of strangeโฆ https://t.co/vnGTUiRhsW https://t.co/daHyizfSIi",False,2023-08-30T17:13:06.000Z,4,1,4,0,0,281,1696934078522564632,neutral,cautionary,arabic,24.37851583,54.51457222
1696933322008498656,ูุขู,Kaffseen,1396539212762173440,#ุฏุจู_ุงูุฑูููุฉ,RT @3liAlra: ูู ุฎุถู ุชุทูุฑ ุงูุฐูุงุก ุงูุงุตุทูุงุนู ุงููุชุณุงุฑุน ุฌุฏุงู ูุฏุฑุฌุฉ ุงู ุขุฎุฑ ูู ุดูุฑ ุตุงุญุจูุง ุชุทูุฑ ูู ูุฐุง ุงููุฌุงู ูู ุชุดูุฏู ุงูุจุดุฑูุฉ ููุฐ ูุดุฃุชูุง ูุฌุนู ุงููุฎโฆ,False,2023-08-30T17:10:06.000Z,10,0,0,0,0,0,1696933322008498656,positive,informative,arabic,24.37168417,54.52086361
1696931088264770009,๎จ H.Y.T ๐ฆ๐ช ๐,Hayataholica,1231268881949327360,#ุฏุจู_ุงูุฑูููุฉ,RT @3liAlra: ูู ุฎุถู ุชุทูุฑ ุงูุฐูุงุก ุงูุงุตุทูุงุนู ุงููุชุณุงุฑุน ุฌุฏุงู ูุฏุฑุฌุฉ ุงู ุขุฎุฑ ูู ุดูุฑ ุตุงุญุจูุง ุชุทูุฑ ูู ูุฐุง ุงููุฌุงู ูู ุชุดูุฏู ุงูุจุดุฑูุฉ ููุฐ ูุดุฃุชูุง ูุฌุนู ุงููุฎโฆ,False,2023-08-30T17:01:13.000Z,10,0,0,0,0,0,1696931088264770009,positive,informative,arabic,24.46988472,54.36124222
1696929164912197865,Suhail Ahmed BinNasir ยฉโ,Emiraty88,339341082,#ุฏุจู_ุงูุฑูููุฉ,RT @3liAlra: ูู ุฎุถู ุชุทูุฑ ุงูุฐูุงุก ุงูุงุตุทูุงุนู ุงููุชุณุงุฑุน ุฌุฏุงู ูุฏุฑุฌุฉ ุงู ุขุฎุฑ ูู ุดูุฑ ุตุงุญุจูุง ุชุทูุฑ ูู ูุฐุง ุงููุฌุงู ูู ุชุดูุฏู ุงูุจุดุฑูุฉ ููุฐ ูุดุฃุชูุง ูุฌุนู ุงููุฎโฆ,False,2023-08-30T16:53:34.000Z,10,0,0,0,0,0,1696929164912197865,positive,informative,arabic,24.339405,54.52472222
1696927953655939301,ุนูู ุงูุฑุฆูุณู,3liAlra,2392247606,#ุฏุจู_ุงูุฑูููุฉ,"ูู ุฎุถู ุชุทูุฑ ุงูุฐูุงุก ุงูุงุตุทูุงุนู ุงููุชุณุงุฑุน ุฌุฏุงู ูุฏุฑุฌุฉ ุงู ุขุฎุฑ ูู ุดูุฑ ุตุงุญุจูุง ุชุทูุฑ ูู ูุฐุง ุงููุฌุงู ูู ุชุดูุฏู ุงูุจุดุฑูุฉ ููุฐ ูุดุฃุชูุง ูุฌุนู ุงููุฎุชุตูู ูุชูุฌุณูู ููุญุฐุฑูู ูู ุงููุงุฏู ุ ูุญุชุงุฌ ุงู ูููู ูุงุนููู ุงูุซุฑ ูุญุฐุฑูู. 

ููุฏูู ุฌููู ูู ุฏุจู ุงูุฑูููุฉ ููุถุญ ุฐูู ุจุฏูููุฉ ูุงุญุฏุฉ .

ุฎููู ูุงุนู ๐ก https://t.co/7JWcYrJANu",False,2023-08-30T16:48:46.000Z,10,3,19,1,5,5719,1696927953655939301,positive,informative,arabic,24.28386778,54.65397111
1696924465471377583,ุญููุฏ ุงูููุตูุฑู,HumaidA88684552,1253739981333508097,#ุฏุจู_ุงูุฑูููุฉ,RT @emaratalyoum: ุงูููู ููุณ ูุงูุฃูุณุ ููุฏ ุฃุตุจุญ ูุชุนูู ุนูููุง ุงูุญุฐุฑ ุฃูุซุฑ ูุงูุชุฃูุฏ ูู ุตุญุฉ ุงูููุงุทุน ุงููุฑุฆูุฉ ูุงููุณููุนุฉ ูุงูุฑุณุงุฆู ุงูุตูุชูู ุงูุบุฑูุจุฉ ูุงููุดโฆ,False,2023-08-30T16:34:54.000Z,7,0,0,0,0,0,1696924465471377583,positive,cautious,arabic,24.47824417,54.369755
1696923868491923856,ุจููู ุบููููุงุซ๐ฆ๐ช,BinGheyath,624040542,#ุฏุจู_ุงูุฑูููุฉ,RT @emaratalyoum: ุงูููู ููุณ ูุงูุฃูุณุ ููุฏ ุฃุตุจุญ ูุชุนูู ุนูููุง ุงูุญุฐุฑ ุฃูุซุฑ ูุงูุชุฃูุฏ ูู ุตุญุฉ ุงูููุงุทุน ุงููุฑุฆูุฉ ูุงููุณููุนุฉ ูุงูุฑุณุงุฆู ุงูุตูุชูู ุงูุบุฑูุจุฉ ูุงููุดโฆ,False,2023-08-30T16:32:32.000Z,7,0,0,0,0,0,1696923868491923856,positive,cautious,arabic,24.29708,54.65048583
1696919677778219277,Ahmed Moussa,AhmedMousa79,1518910225050447878,#ุฏุจู_ุงูุฑูููุฉ,RT @emaratalyoum: ุงูููู ููุณ ูุงูุฃูุณุ ููุฏ ุฃุตุจุญ ูุชุนูู ุนูููุง ุงูุญุฐุฑ ุฃูุซุฑ ูุงูุชุฃูุฏ ูู ุตุญุฉ ุงูููุงุทุน ุงููุฑุฆูุฉ ูุงููุณููุนุฉ ูุงูุฑุณุงุฆู ุงูุตูุชูู ุงูุบุฑูุจุฉ ูุงููุดโฆ,False,2023-08-30T16:15:53.000Z,7,0,0,0,0,0,1696919677778219277,positive,cautious,arabic,24.35802139,54.50734944
1696918944106377636,ุณุนูุฏ ุงูุบููุงูู,SAIDALGALINY,3509179153,#ุฏุจู_ุงูุฑูููุฉ,RT @emaratalyoum: ุงูููู ููุณ ูุงูุฃูุณุ ููุฏ ุฃุตุจุญ ูุชุนูู ุนูููุง ุงูุญุฐุฑ ุฃูุซุฑ ูุงูุชุฃูุฏ ูู ุตุญุฉ ุงูููุงุทุน ุงููุฑุฆูุฉ ูุงููุณููุนุฉ ูุงูุฑุณุงุฆู ุงูุตูุชูู ุงูุบุฑูุจุฉ ูุงููุดโฆ,False,2023-08-30T16:12:58.000Z,7,0,0,0,0,0,1696918944106377636,positive,cautious,arabic,24.34636111,54.49308417
1696918450260623480,ุงูุฅูุงุฑุงุช ุงูููู,emaratalyoum,47301285,#ุฏุจู_ุงูุฑูููุฉ,"ุงูููู ููุณ ูุงูุฃูุณุ ููุฏ ุฃุตุจุญ ูุชุนูู ุนูููุง ุงูุญุฐุฑ ุฃูุซุฑ ูุงูุชุฃูุฏ ูู ุตุญุฉ ุงูููุงุทุน ุงููุฑุฆูุฉ ูุงููุณููุนุฉ ูุงูุฑุณุงุฆู ุงูุตูุชูู ุงูุบุฑูุจุฉ ูุงููุดุจููุฉ .. ุฃุชุนุฑู ููุงุฐุงุ ุดุงูุฏ ุงูููุฏูู ๐น

#ุฎุฏูุฉ_ุงูุฃููู
#ุฎูู_ูุงุนู
#ุฏุจู_ุงูุฑูููุฉ
#ุงูุงูุงุฑุงุช_ุงูููู https://t.co/OxI1Xm3yx2",False,2023-08-30T16:11:00.000Z,7,4,14,0,2,3835,1696918450260623480,positive,cautious,arabic,24.43991389,54.40571111
1696911566292062215,ุถุฑุงุฑ ุจุงูููู ุงูููุงุณู MP,dbelhoul,180394936,#ุฏุจู_ุงูุฑูููุฉ,RT @DigitalDubai: ุงูููู ููุณ ูุงูุฃูุณุ ููุฏ ุงุตุจุญ ุนูููุง ุงูุญุฐุฑ ุฃูุซุฑ ูุงูุชุฃูุฏ ูู ุตุญุฉ ุงูููุงุทุน ุงููุฑุฆูุฉ ูุงููุณููุนุฉ ูุงูุฑุณุงุฆู ุงูุตูุชูุฉ ุงูุบุฑูุจุฉ ูุงููุดุจููุฉ.โฆ,False,2023-08-30T15:43:39.000Z,32,0,0,0,0,0,1696911566292062215,caution,warning,arabic,24.37802917,54.49582722
1696910787653030172,๐ผ๐พ๐ท๐ฐ๐ผ๐ผ๐ด๐ณ ๐๐ฐ๐๐ท๐ธ๐ณ ๐ฆ๐ช๐๏ธ,M___R1212,1463911525148729348,#ุฏุจู_ุงูุฑูููุฉ,RT @ibahzad: #ุฎูู_ูุงุนู : ุงูููู ููุณ ูุงูุฃูุณุ ููุฏ ุฃุตุจุญ ูุชุนูู ุนูููุง ุงูุญุฐุฑ ุฃูุซุฑ ูุงูุชุฃูุฏ ูู ุตุญุฉ ุงูููุงุทุน ุงููุฑุฆูุฉ ูุงููุณููุนุฉ ูุงูุฑุณุงุฆู ุงูุตูุชูู ุงูุบุฑูุจโฆ,False,2023-08-30T15:40:33.000Z,24,0,0,0,0,0,1696910787653030172,positive,cautious,arabic,24.33726917,54.46873028
1696910748734152887,Maisaloun Qawassmeh,MaisalounQ,1203366448099471360,#ุฏุจู_ุงูุฑูููุฉ,RT @DigitalDubai: ุงูููู ููุณ ูุงูุฃูุณุ ููุฏ ุงุตุจุญ ุนูููุง ุงูุญุฐุฑ ุฃูุซุฑ ูุงูุชุฃูุฏ ูู ุตุญุฉ ุงูููุงุทุน ุงููุฑุฆูุฉ ูุงููุณููุนุฉ ูุงูุฑุณุงุฆู ุงูุตูุชูุฉ ุงูุบุฑูุจุฉ ูุงููุดุจููุฉ.โฆ,False,2023-08-30T15:40:24.000Z,32,0,0,0,0,0,1696910748734152887,caution,informative,arabic,24.34325306,54.52148472
1696910505988755643,๏ฎผุนููุุจูุุณุงูู,ali_ibinsalem,952378387,#ุฏุจู_ุงูุฑูููุฉ,RT @ibahzad: #ุฎูู_ูุงุนู : ุงูููู ููุณ ูุงูุฃูุณุ ููุฏ ุฃุตุจุญ ูุชุนูู ุนูููุง ุงูุญุฐุฑ ุฃูุซุฑ ูุงูุชุฃูุฏ ูู ุตุญุฉ ุงูููุงุทุน ุงููุฑุฆูุฉ ูุงููุณููุนุฉ ูุงูุฑุณุงุฆู ุงูุตูุชูู ุงูุบุฑูุจโฆ,False,2023-08-30T15:39:26.000Z,24,0,0,0,0,0,1696910505988755643,positive,cautious,arabic,24.37279528,54.47264917
1697605524223627303,Tony Brown,tonyheadset,45214571,Digital Dubai,"@geordinhl Please have them Patrol the airport as a priority to prevent the Fake Ubers from creating such a bad impression to tourists and take on the management of Uber to enforce their standards of vehicles and security!

Cape Town must keep up the trend to become like Digital Dubai andโฆ https://t.co/8CUkzOnGyy",False,2023-09-01T13:41:11.000Z,0,0,0,0,0,4,1696964544180932781,positive,assertive,English,24.37943417,54.50353056
1697603055389168008,๐๐ญ๐บ๐ข โ,alya_says,123253125,#ุฏุจู_ุงูุฑูููุฉ,RT @3liAlra: ูู ุฎุถู ุชุทูุฑ ุงูุฐูุงุก ุงูุงุตุทูุงุนู ุงููุชุณุงุฑุน ุฌุฏุงู ูุฏุฑุฌุฉ ุงู ุขุฎุฑ ูู ุดูุฑ ุตุงุญุจูุง ุชุทูุฑ ูู ูุฐุง ุงููุฌุงู ูู ุชุดูุฏู ุงูุจุดุฑูุฉ ููุฐ ูุดุฃุชูุง ูุฌุนู ุงููุฎโฆ,False,2023-09-01T13:31:23.000Z,11,0,0,0,0,0,1697603055389168008,positive,informative,arabic,24.08692083,47.51152028
